index,name,eyeColor,hairColor,skinColor,dominantHand,earLobule,noseFormat,hairSwirl,widowBeak,dimples,ptc,thumb,earTip,eyebrow,freckles,eyelash,eyeFormat,cerumen,wisdowTeeth
1,Sarah,Oo,cc,pP,Mm,Rr,nN,ss,Vv,AA,tT,lL,uU,bB,dd,Ii,Hh,Ee,zZ
2,Harry,oo,Cc,Pp,mM,RR,nn,SS,vv,aA,TT,lL,UU,bb,dd,iI,Hh,eE,zZ
3,Linda,OO,Cc,Pp,mm,RR,Nn,sS,VV,AA,Tt,Ll,uU,bB,dD,iI,hH,ee,zz
4,Eugene,oO,cC,pp,Mm,Rr,Nn,SS,Vv,Aa,Tt,Ll,UU,bB,DD,ii,hH,EE,zZ
5,Danielle,OO,cC,pP,mM,Rr,nN,ss,VV,aa,Tt,ll,uU,BB,DD,iI,HH,ee,ZZ
6,Lorraine,Oo,Cc,PP,MM,Rr,nn,sS,VV,AA,TT,lL,Uu,BB,Dd,iI,hH,eE,zZ
7,Michael,Oo,cC,pP,mM,rr,NN,ss,Vv,AA,TT,LL,uu,Bb,dd,Ii,hH,Ee,ZZ
8,Helena,Oo,cc,PP,Mm,Rr,NN,Ss,Vv,Aa,tt,lL,uU,Bb,Dd,ii,Hh,ee,Zz
9,Curtis,oO,CC,pP,Mm,rr,NN,Ss,vv,Aa,Tt,lL,Uu,bb,Dd,ii,hH,eE,Zz
10,Judith,oO,CC,pP,Mm,rr,Nn,SS,VV,aA,TT,lL,uU,BB,DD,Ii,Hh,ee,ZZ
11,Felix,oO,CC,Pp,mM,RR,nN,ss,Vv,aA,tT,Ll,Uu,bb,dD,ii,hh,Ee,zz
12,Shirley,Oo,CC,Pp,mm,rR,nn,Ss,Vv,Aa,TT,ll,uU,bb,DD,iI,Hh,ee,Zz
13,Curtis,Oo,CC,pp,Mm,rR,nN,Ss,Vv,aa,tt,ll,uu,bb,DD,ii,HH,EE,ZZ
14,Martha,OO,cc,PP,MM,rr,NN,SS,vv,Aa,TT,Ll,Uu,Bb,DD,Ii,hH,ee,Zz
15,Terrence,oo,cC,pP,MM,rR,nn,SS,vV,AA,tt,ll,uu,bB,dd,iI,hh,Ee,Zz
16,Charles,Oo,Cc,pp,mm,Rr,Nn,SS,vv,aA,tT,ll,Uu,BB,DD,II,hh,eE,Zz
17,Kenneth,oo,cC,PP,mM,RR,nn,SS,vv,Aa,tT,lL,UU,Bb,Dd,Ii,hH,EE,Zz
18,Pearl,oO,cc,pP,Mm,rr,NN,Ss,vV,Aa,Tt,LL,Uu,bB,Dd,Ii,hh,eE,zZ
19,Roger,oO,cc,PP,mm,RR,NN,sS,VV,Aa,Tt,Ll,uu,bB,DD,ii,hH,Ee,zZ
20,Alexis,oo,cC,PP,mm,rr,Nn,Ss,Vv,AA,TT,lL,uu,BB,Dd,II,Hh,ee,Zz
21,Beverly,OO,Cc,Pp,MM,Rr,Nn,sS,Vv,aa,TT,Ll,uU,Bb,dD,iI,hh,eE,ZZ
22,Harlan,Oo,cc,pP,mm,rR,Nn,sS,Vv,aa,tT,ll,uU,bB,dD,II,Hh,eE,zz
23,Jason,Oo,cc,Pp,MM,rR,Nn,Ss,vV,Aa,Tt,lL,UU,bB,Dd,ii,HH,Ee,zz
24,Wm,Oo,cC,pP,mM,rR,nn,SS,vV,Aa,tt,Ll,UU,Bb,dD,Ii,Hh,eE,zZ
25,Guy,oo,cc,pp,MM,rr,NN,sS,vV,Aa,TT,Ll,uu,bb,dd,iI,HH,EE,zz
26,Ronald,oO,CC,Pp,mm,rr,Nn,Ss,Vv,aA,TT,Ll,uU,bb,Dd,II,hH,EE,zz
27,Michael,Oo,cC,pp,mM,rr,nN,ss,Vv,aa,Tt,ll,uU,bb,dd,ii,hH,ee,ZZ
28,Jason,OO,cc,PP,Mm,rr,nN,SS,vV,aA,tt,ll,uu,bb,DD,iI,hh,eE,zz
29,Victoria,Oo,cc,pP,Mm,rr,nN,ss,vv,Aa,Tt,ll,uu,Bb,DD,II,hH,Ee,zz
30,Michael,OO,CC,Pp,mm,rr,NN,sS,vv,aA,Tt,lL,UU,BB,dd,II,HH,ee,zz
31,Hector,OO,Cc,pp,mM,rR,Nn,SS,vV,AA,TT,ll,uu,BB,Dd,ii,Hh,Ee,zZ
32,Anna,OO,cc,PP,MM,Rr,Nn,SS,VV,AA,TT,ll,uu,bB,DD,Ii,hh,ee,zZ
33,Daryl,oo,cC,PP,Mm,rR,nn,Ss,Vv,aA,TT,LL,uU,bB,dd,iI,hh,EE,Zz
34,Phillis,Oo,CC,pP,mM,rr,NN,sS,vv,Aa,Tt,Ll,Uu,Bb,Dd,Ii,hh,EE,zZ
35,Michael,oo,cC,pp,Mm,rr,NN,Ss,Vv,Aa,tT,lL,Uu,bb,dd,iI,HH,eE,zZ
36,Corey,oO,CC,pP,MM,rR,NN,sS,VV,AA,tT,Ll,uU,bB,dd,iI,Hh,eE,zz
37,Danny,oO,CC,PP,Mm,rR,nN,Ss,vv,aa,Tt,lL,UU,Bb,dd,Ii,Hh,Ee,Zz
38,Geneva,oo,cC,Pp,mm,rr,Nn,sS,Vv,AA,TT,LL,uU,Bb,DD,ii,Hh,ee,zz
39,Renee,oO,cC,Pp,mm,rR,nn,ss,VV,aa,tT,ll,Uu,bb,dD,Ii,hH,EE,Zz
40,John,oO,cc,pP,Mm,rr,nn,Ss,VV,Aa,tT,LL,uU,bb,dD,ii,hH,eE,zZ
41,Richard,OO,cC,pp,Mm,RR,nn,SS,vV,aA,TT,lL,uu,bb,dD,ii,Hh,eE,Zz
42,William,oo,CC,PP,mM,rr,nn,SS,vv,aa,tt,LL,uU,BB,Dd,iI,hh,eE,zz
43,Mildred,oO,CC,pp,Mm,rR,Nn,Ss,vV,AA,tt,ll,uu,BB,DD,iI,HH,ee,zZ
44,Kim,Oo,Cc,Pp,MM,rr,nN,sS,Vv,Aa,tT,lL,uU,bb,dD,ii,HH,EE,Zz
45,Maisha,oO,CC,pP,MM,rr,NN,Ss,vV,Aa,Tt,LL,Uu,BB,dd,ii,HH,eE,Zz
46,Linda,oO,CC,pp,mm,RR,NN,sS,vV,aA,tt,Ll,Uu,bb,DD,ii,hH,Ee,zz
47,Wendy,OO,Cc,pp,mM,rr,Nn,sS,vV,AA,TT,Ll,UU,Bb,dd,iI,HH,ee,zz
48,Henrietta,oO,cC,PP,Mm,rR,NN,SS,vv,aa,TT,LL,UU,BB,Dd,II,hH,eE,zz
49,Lindsey,OO,cC,Pp,MM,RR,Nn,SS,vv,aa,Tt,LL,uU,BB,Dd,II,HH,Ee,zz
50,Sue,oo,cC,PP,Mm,RR,nn,sS,Vv,AA,TT,lL,Uu,Bb,dd,Ii,hh,eE,zZ
51,Vicki,Oo,cc,pp,mM,Rr,nN,sS,vV,aA,Tt,LL,Uu,Bb,dd,ii,Hh,ee,ZZ
52,Otis,Oo,Cc,Pp,Mm,rR,nn,SS,vV,Aa,TT,LL,uU,bb,Dd,Ii,HH,EE,ZZ
53,Ruthie,Oo,Cc,pP,mm,Rr,nN,ss,VV,aa,tT,Ll,UU,bb,dd,II,HH,ee,ZZ
54,Neely,oo,cc,pP,mM,rR,Nn,Ss,vv,aA,Tt,ll,Uu,bb,dD,Ii,hH,eE,ZZ
55,Mary,oo,CC,pP,mm,RR,NN,SS,vv,AA,Tt,lL,uU,Bb,DD,Ii,Hh,ee,ZZ
56,Tanya,oO,Cc,Pp,Mm,rR,nN,Ss,Vv,aA,tT,Ll,Uu,bB,dd,Ii,Hh,Ee,zz
57,Fredrick,OO,CC,pp,MM,rR,Nn,Ss,vv,aa,TT,LL,Uu,bb,DD,ii,hh,eE,zz
58,Mary,Oo,CC,PP,mm,rr,NN,sS,vV,Aa,tT,LL,uu,bb,Dd,iI,hh,ee,zz
59,Cecil,oO,cC,pp,mM,RR,NN,sS,VV,AA,tT,LL,Uu,bB,dd,iI,hH,eE,zZ
60,Mabel,Oo,Cc,PP,mM,rr,NN,Ss,vv,aA,tT,Ll,Uu,bb,DD,ii,Hh,ee,zz
61,Jocelyn,oO,Cc,pp,MM,Rr,NN,ss,vV,aA,Tt,lL,uU,BB,dD,Ii,HH,ee,ZZ
62,Doris,oo,cc,pp,mm,RR,nN,sS,vv,AA,Tt,lL,Uu,Bb,Dd,ii,HH,ee,zz
63,Elizabeth,OO,Cc,Pp,MM,Rr,nN,sS,Vv,aa,Tt,LL,uu,bb,dd,II,hH,EE,ZZ
64,Valerie,Oo,CC,pp,MM,RR,Nn,SS,VV,Aa,tt,lL,uU,BB,dD,ii,HH,Ee,zz
65,Michelle,oO,cc,pP,MM,rR,NN,Ss,vV,aa,TT,ll,uu,BB,DD,ii,HH,eE,ZZ
66,Robert,OO,Cc,pP,MM,rR,nN,sS,vV,aa,tt,Ll,uU,Bb,dD,II,HH,EE,zz
67,Helen,Oo,Cc,pP,mM,Rr,Nn,sS,vV,aa,Tt,ll,uu,bb,DD,II,hh,Ee,zz
68,Zachary,OO,cC,Pp,Mm,RR,nN,sS,VV,AA,tt,lL,uU,Bb,dD,ii,hH,eE,ZZ
69,Annie,Oo,cc,pP,Mm,rR,NN,SS,Vv,aA,TT,ll,UU,BB,dd,Ii,hh,Ee,zz
70,Jeffrey,OO,cC,pp,Mm,Rr,nn,ss,vv,Aa,tT,Ll,uu,bb,DD,II,Hh,ee,zZ
71,Jason,oo,cC,PP,Mm,rr,Nn,sS,Vv,AA,TT,lL,Uu,Bb,DD,ii,hH,ee,zz
72,Angela,oo,cc,pP,mM,RR,Nn,sS,Vv,aa,tT,LL,uU,Bb,DD,iI,hH,ee,ZZ
73,William,OO,Cc,pp,MM,rR,nN,Ss,VV,aA,Tt,Ll,uU,bb,Dd,II,Hh,ee,zZ
74,Carl,oo,CC,PP,mM,rR,Nn,Ss,vv,aa,tT,Ll,uu,bB,dd,II,Hh,EE,zz
75,William,Oo,CC,pp,MM,rR,nn,Ss,vV,Aa,tT,lL,Uu,BB,Dd,II,HH,ee,Zz
76,Juan,oO,cC,Pp,Mm,rR,nn,Ss,vV,aA,Tt,Ll,Uu,bB,dd,II,hH,Ee,zZ
77,Ambrose,oO,cc,PP,mm,rr,NN,Ss,VV,aa,tT,ll,Uu,Bb,DD,iI,HH,eE,Zz
78,Janie,oo,cC,pp,mM,RR,nN,SS,vV,AA,tT,Ll,uu,Bb,dD,Ii,Hh,Ee,zZ
79,Michael,oO,CC,pp,Mm,rr,nN,sS,VV,AA,tt,LL,Uu,Bb,dD,ii,hh,EE,ZZ
80,Nancy,OO,cC,pp,mm,rr,Nn,ss,VV,aA,Tt,lL,Uu,BB,DD,ii,Hh,eE,zZ
81,Amanda,oO,cc,pP,mM,Rr,Nn,SS,vV,Aa,TT,lL,uU,BB,dd,Ii,hH,EE,zz
82,Kevin,oO,Cc,pp,Mm,RR,nN,ss,Vv,aA,tt,LL,uU,Bb,dD,iI,Hh,EE,zz
83,Edward,oO,CC,pP,mM,rR,Nn,ss,vv,aA,Tt,LL,Uu,bb,DD,iI,hH,ee,Zz
84,Bryon,OO,cc,pp,mM,RR,Nn,Ss,vV,aa,Tt,ll,UU,bb,dd,II,Hh,Ee,zz
85,Mary,oo,cC,Pp,mM,rR,nN,SS,VV,AA,Tt,LL,Uu,Bb,Dd,II,HH,EE,zz
86,Marcia,OO,cC,Pp,Mm,Rr,nN,Ss,vv,Aa,tT,LL,UU,bB,dD,ii,Hh,Ee,zZ
87,Sally,oO,Cc,pP,mm,rR,nN,Ss,vV,aa,Tt,LL,uU,BB,dD,ii,HH,Ee,zZ
88,Gail,oo,cc,Pp,mm,rr,NN,Ss,Vv,AA,TT,LL,uU,bb,dd,iI,hH,ee,zz
89,Warren,oO,CC,PP,Mm,Rr,nn,sS,Vv,AA,TT,LL,uU,bb,dd,Ii,Hh,eE,ZZ
90,Rebecca,OO,cC,pP,mM,rR,NN,sS,VV,Aa,TT,ll,uU,Bb,Dd,iI,hH,Ee,ZZ
91,Betty,oo,cc,pP,mm,rR,NN,sS,VV,Aa,tt,LL,uu,bB,DD,Ii,hH,EE,ZZ
92,Jean,oo,cC,pp,MM,RR,Nn,ss,vV,Aa,Tt,LL,uU,bB,dd,iI,Hh,EE,zZ
93,John,oo,CC,pp,mm,Rr,nn,Ss,Vv,Aa,tt,ll,UU,Bb,dd,ii,Hh,ee,zZ
94,Clayton,OO,cc,pP,mM,rR,nn,sS,Vv,Aa,tT,ll,uu,Bb,Dd,Ii,HH,Ee,zz
95,Jeffery,OO,CC,pp,MM,rR,nN,ss,Vv,Aa,tt,LL,uU,bb,Dd,ii,hH,eE,ZZ
96,Jennifer,OO,Cc,pP,mM,RR,NN,sS,vv,Aa,Tt,ll,Uu,Bb,dD,ii,hh,eE,zZ
97,Wanda,oO,cC,pP,MM,Rr,NN,SS,vv,Aa,TT,lL,uU,Bb,Dd,Ii,Hh,ee,zZ
98,James,oO,CC,pp,MM,rr,nn,Ss,vV,Aa,tt,LL,uU,Bb,dD,iI,Hh,ee,Zz
99,Karen,oO,CC,pP,mM,rr,NN,Ss,vV,Aa,tT,ll,UU,bB,dd,Ii,hh,Ee,ZZ
100,Walter,Oo,CC,pp,mM,rr,nN,ss,vv,aA,TT,LL,UU,BB,dd,iI,HH,eE,zZ
101,Cory,oO,cc,PP,Mm,rR,nN,sS,vV,Aa,tt,ll,uU,Bb,DD,II,HH,EE,ZZ
102,James,oO,cC,PP,mm,rr,NN,SS,VV,aA,Tt,LL,uu,BB,Dd,II,hh,EE,Zz
103,Laurie,OO,cc,Pp,Mm,RR,NN,Ss,Vv,aa,TT,LL,UU,bb,dD,ii,hh,EE,zZ
104,Phyllis,Oo,Cc,pp,mm,Rr,Nn,ss,vv,AA,tT,lL,uu,BB,dd,iI,HH,Ee,Zz
105,Charles,OO,cc,Pp,mm,RR,nn,sS,Vv,aa,tt,ll,uU,Bb,DD,Ii,hh,EE,zZ
106,Stephany,oo,cc,PP,MM,rr,nn,sS,Vv,Aa,TT,lL,uU,bb,dD,iI,Hh,eE,ZZ
107,Gilbert,OO,CC,PP,Mm,rr,NN,SS,VV,Aa,tT,ll,uu,BB,dd,II,hH,eE,zz
108,Ramon,Oo,CC,pP,Mm,rR,Nn,ss,Vv,aa,tT,Ll,uU,Bb,dD,Ii,HH,ee,Zz
109,John,Oo,cC,PP,mM,RR,nn,ss,Vv,AA,TT,LL,UU,BB,DD,II,HH,EE,zZ
110,Martha,oO,Cc,PP,MM,rr,Nn,ss,vv,AA,tt,lL,uu,bB,Dd,II,HH,eE,zZ
111,William,Oo,cc,pP,mM,rR,Nn,SS,vv,Aa,Tt,LL,UU,bB,dd,ii,Hh,Ee,zz
112,Kevin,OO,cC,Pp,mM,rr,NN,ss,vv,AA,Tt,ll,Uu,bB,Dd,ii,hH,Ee,Zz
113,Stephen,oo,Cc,pp,Mm,rr,Nn,SS,vv,aa,TT,Ll,uU,BB,dd,Ii,hh,Ee,ZZ
114,Alberto,Oo,cC,Pp,MM,rR,NN,sS,vv,AA,Tt,LL,UU,BB,Dd,ii,hh,Ee,zZ
115,Donna,oo,CC,pp,Mm,Rr,NN,SS,VV,aA,tT,lL,uu,Bb,DD,ii,hH,Ee,zz
116,Rob,oO,CC,pp,Mm,RR,nn,SS,Vv,aA,Tt,lL,Uu,bB,dD,II,HH,EE,zz
117,Michael,Oo,Cc,PP,mm,RR,nN,SS,Vv,aa,Tt,lL,uU,Bb,Dd,ii,hh,EE,zz
118,Joan,oO,cc,PP,Mm,Rr,NN,ss,vV,aa,tT,LL,Uu,BB,DD,II,Hh,ee,ZZ
119,Amanda,Oo,CC,pp,MM,rr,nn,ss,Vv,aa,tT,Ll,uu,Bb,dD,Ii,HH,eE,zZ
120,Lewis,Oo,cc,Pp,Mm,RR,Nn,ss,vv,aa,TT,Ll,Uu,bB,DD,ii,hh,eE,zZ
121,Randi,oO,cc,pp,mm,RR,NN,SS,vV,aa,Tt,ll,Uu,bB,dD,Ii,HH,ee,zZ
122,Emanuel,oo,cc,pp,Mm,rr,Nn,SS,Vv,Aa,tT,ll,uU,bB,dd,iI,hH,eE,zz
123,Vikki,oo,Cc,PP,MM,rR,NN,Ss,vV,AA,tt,LL,uu,bb,Dd,ii,hh,EE,Zz
124,John,Oo,cC,Pp,Mm,rr,Nn,Ss,vv,aa,tt,ll,uU,bB,dd,Ii,Hh,ee,Zz
125,Vernell,Oo,cc,Pp,Mm,RR,NN,SS,Vv,aa,Tt,ll,UU,bB,dD,ii,Hh,Ee,Zz
126,Thomas,oO,cc,Pp,mM,RR,nn,ss,VV,aa,tt,lL,Uu,bB,dD,iI,hH,eE,zz
127,Jay,oO,cc,pp,mM,rR,NN,SS,Vv,aa,Tt,lL,uu,Bb,Dd,II,HH,Ee,zz
128,Claire,Oo,CC,pp,MM,rR,Nn,ss,Vv,aA,tt,lL,UU,BB,Dd,II,Hh,eE,zz
129,Ralph,Oo,Cc,pp,Mm,rr,nN,Ss,vv,aA,tT,Ll,uu,BB,dD,iI,hH,ee,zZ
130,Eunice,OO,CC,pP,mm,rR,nn,SS,vV,Aa,tt,LL,UU,Bb,Dd,iI,hH,Ee,zz
131,Whitney,oo,Cc,PP,Mm,rR,Nn,Ss,vv,AA,tt,Ll,UU,BB,Dd,Ii,hh,ee,zz
132,Nathan,oo,cC,pP,MM,Rr,Nn,sS,vv,Aa,TT,ll,uu,BB,Dd,II,Hh,ee,zZ
133,Susan,oo,cc,pp,mm,RR,NN,ss,VV,aA,Tt,LL,UU,Bb,Dd,ii,HH,ee,ZZ
134,Linda,Oo,Cc,Pp,MM,rr,Nn,Ss,VV,AA,tt,Ll,uu,bB,dd,II,hH,eE,zZ
135,Stephen,oO,cC,pP,mM,rR,nn,Ss,Vv,Aa,TT,Ll,uU,bb,DD,ii,hh,EE,zZ
136,Katherine,oo,Cc,pp,mM,rR,nN,ss,vV,Aa,tt,LL,UU,bb,DD,Ii,Hh,Ee,zz
137,Bradley,Oo,Cc,Pp,mm,RR,NN,ss,vV,Aa,tT,Ll,uu,BB,dd,II,Hh,eE,Zz
138,Claudette,OO,Cc,PP,mm,rr,nN,ss,Vv,AA,tt,ll,UU,BB,Dd,II,Hh,Ee,Zz
139,Roland,OO,CC,Pp,mM,RR,nN,ss,vv,aA,tT,LL,uU,BB,dd,Ii,Hh,Ee,ZZ
140,Myron,oO,CC,pP,mM,rr,nn,SS,Vv,aA,Tt,LL,uU,bB,DD,II,hh,Ee,ZZ
141,Ruben,oO,Cc,pp,Mm,RR,Nn,sS,Vv,aa,tt,Ll,uU,Bb,DD,II,hH,EE,zz
142,Ruby,Oo,CC,pP,MM,Rr,nN,Ss,Vv,AA,tt,Ll,uu,bB,Dd,II,HH,Ee,zz
143,Christine,OO,Cc,pp,mm,rR,nN,sS,Vv,AA,tt,Ll,Uu,BB,dd,II,hH,EE,ZZ
144,Kathy,Oo,CC,PP,MM,rR,nN,ss,vV,aa,tT,lL,uu,bb,Dd,Ii,hH,eE,zz
145,Eugene,oO,cc,pp,MM,Rr,nn,ss,Vv,Aa,tt,ll,Uu,bb,dD,ii,hh,eE,Zz
146,Victor,oO,cC,pp,MM,rr,nn,ss,vv,Aa,TT,ll,Uu,Bb,Dd,iI,Hh,ee,zZ
147,Austin,Oo,cC,Pp,Mm,Rr,nN,sS,Vv,AA,tT,lL,uU,bb,dD,Ii,HH,EE,zz
148,Dustin,Oo,cc,pp,mm,rR,nN,SS,Vv,aa,tt,ll,uU,BB,DD,Ii,hh,Ee,zz
149,Jonathan,oO,cC,Pp,MM,rr,nN,sS,vv,aA,Tt,ll,uU,BB,Dd,ii,hh,ee,zZ
150,Christopher,Oo,CC,pp,mm,RR,NN,ss,vV,AA,Tt,ll,Uu,bB,DD,II,hh,eE,zz
151,Victoria,oO,CC,pP,MM,rR,NN,sS,VV,aA,tT,ll,uU,BB,DD,ii,hH,ee,zz
152,Starr,oO,Cc,Pp,MM,RR,Nn,SS,vV,aa,tt,Ll,UU,bB,DD,ii,HH,Ee,ZZ
153,Lance,Oo,cC,Pp,MM,rR,Nn,Ss,vv,aA,tt,ll,Uu,BB,DD,II,hH,Ee,ZZ
154,Michael,Oo,CC,PP,mM,rr,nn,Ss,VV,Aa,tt,Ll,uu,bb,DD,iI,hh,Ee,Zz
155,Suzanne,Oo,cc,pP,MM,RR,nN,SS,Vv,aa,Tt,Ll,uU,bb,Dd,II,hH,EE,zz
156,Jeffrey,oo,CC,PP,MM,rr,nN,ss,vV,aa,tt,LL,uu,BB,DD,II,Hh,ee,zz
157,Floyd,oO,Cc,pP,Mm,RR,Nn,sS,vv,Aa,tt,LL,UU,bb,Dd,II,hh,EE,ZZ
158,Marcos,oo,CC,Pp,Mm,rr,Nn,ss,vV,aa,tt,ll,uU,bb,dD,II,Hh,EE,zZ
159,Jean,oO,Cc,Pp,MM,Rr,Nn,SS,VV,aa,Tt,lL,UU,bB,dD,Ii,Hh,Ee,Zz
160,Renee,oo,Cc,pp,Mm,Rr,NN,ss,Vv,aa,tT,lL,UU,bb,dD,iI,hH,Ee,Zz
161,Michael,OO,Cc,PP,mm,RR,NN,Ss,Vv,aA,tT,LL,uu,bB,dD,II,HH,Ee,Zz
162,Linda,oo,cC,Pp,MM,Rr,nn,sS,vV,aA,tt,LL,uu,bb,DD,ii,hh,eE,ZZ
163,Gerald,oo,CC,PP,mM,Rr,nN,ss,Vv,aA,tT,lL,uu,Bb,dd,II,hh,Ee,zZ
164,Ruby,oo,cC,pp,MM,rr,nN,SS,Vv,aA,Tt,LL,Uu,bB,DD,ii,Hh,ee,Zz
165,Paul,OO,cC,pP,MM,Rr,nN,SS,Vv,Aa,tt,lL,UU,BB,DD,ii,HH,eE,zz
166,Ora,oo,cc,PP,mm,RR,Nn,Ss,Vv,AA,TT,ll,Uu,bb,dd,Ii,hh,eE,zz
167,Dorothy,oO,Cc,PP,mM,rR,Nn,sS,vV,aa,TT,LL,Uu,bB,Dd,Ii,Hh,ee,Zz
168,Amy,OO,Cc,pP,mM,Rr,NN,Ss,VV,aa,Tt,lL,uU,Bb,DD,iI,Hh,EE,zz
169,Arnold,oO,cC,Pp,mm,rR,Nn,Ss,vv,aa,Tt,lL,UU,Bb,dD,II,Hh,ee,ZZ
170,David,Oo,Cc,pP,mm,rr,Nn,sS,VV,aa,TT,LL,uu,BB,Dd,Ii,Hh,ee,Zz
171,Robert,oo,cc,Pp,mm,rr,Nn,Ss,vV,AA,TT,Ll,uU,bb,dD,II,hH,ee,zz
172,Dave,Oo,Cc,PP,mm,RR,nN,SS,Vv,aA,TT,Ll,UU,BB,dd,iI,HH,ee,zZ
173,Dawn,Oo,cC,pp,mm,Rr,Nn,SS,vV,Aa,TT,Ll,Uu,BB,dd,ii,hh,EE,zZ
174,David,oO,cc,Pp,mM,RR,Nn,ss,Vv,aa,Tt,LL,uU,BB,dD,II,hh,Ee,Zz
175,Robert,oO,CC,pp,mM,rR,NN,SS,vV,AA,TT,lL,UU,Bb,dD,II,hh,eE,zz
176,Jeffrey,oo,Cc,PP,MM,Rr,nn,sS,vV,Aa,TT,ll,uu,BB,Dd,iI,HH,EE,ZZ
177,Justina,oO,cC,pP,mM,Rr,NN,Ss,Vv,Aa,TT,LL,Uu,bB,dd,iI,HH,eE,zZ
178,Cathy,oo,Cc,pP,mm,Rr,Nn,ss,vv,aa,tt,Ll,UU,bB,dD,II,hH,EE,Zz
179,Frances,Oo,CC,Pp,Mm,Rr,nn,SS,VV,AA,tt,ll,UU,bb,Dd,Ii,hH,Ee,Zz
180,Elaine,Oo,cc,pp,mm,rr,Nn,ss,vv,Aa,TT,lL,Uu,Bb,DD,Ii,hH,eE,zz
181,Philip,oO,cC,Pp,Mm,RR,NN,ss,vv,aa,tT,LL,Uu,Bb,dd,ii,Hh,Ee,ZZ
182,Albert,oo,cC,pP,Mm,rr,Nn,SS,vv,aA,tT,lL,uU,BB,dd,iI,HH,ee,zZ
183,Gregory,OO,Cc,pp,mM,RR,NN,ss,vV,aa,tt,LL,uu,BB,dD,iI,hH,ee,zz
184,William,oo,CC,pP,MM,rR,nn,SS,Vv,AA,tT,lL,UU,BB,dD,Ii,HH,eE,zz
185,Eduardo,oO,Cc,PP,mM,Rr,nn,ss,vV,AA,tT,LL,uU,bB,DD,ii,hH,EE,zZ
186,Robert,oo,cC,Pp,mm,Rr,Nn,sS,VV,aa,TT,LL,uU,bB,DD,II,hh,ee,Zz
187,Tomas,OO,Cc,pP,MM,RR,NN,ss,vV,Aa,tT,lL,Uu,bb,DD,ii,Hh,ee,Zz
188,James,OO,CC,pP,MM,RR,NN,ss,Vv,aa,Tt,lL,Uu,BB,dd,iI,hH,eE,Zz
189,Eddie,Oo,cc,PP,Mm,RR,Nn,Ss,Vv,AA,tT,ll,uU,bb,dD,iI,hH,eE,zz
190,Victoria,Oo,cC,pp,MM,rR,nn,SS,vv,aA,TT,lL,UU,bb,Dd,II,hH,Ee,ZZ
191,Mary,oo,CC,PP,mM,Rr,Nn,sS,Vv,aA,TT,lL,Uu,bB,Dd,iI,Hh,EE,zZ
192,Dale,OO,cC,pP,mM,RR,nN,SS,VV,AA,Tt,Ll,uu,bb,dD,Ii,hh,EE,zz
193,Clemencia,Oo,Cc,pp,mM,Rr,NN,SS,vv,aa,TT,Ll,uu,Bb,Dd,ii,hh,eE,zz
194,Alexander,Oo,cc,pp,mm,rR,NN,ss,vV,aA,TT,Ll,uU,bB,dD,ii,HH,ee,zz
195,Charles,oo,cC,Pp,Mm,rR,Nn,sS,vV,AA,tt,LL,uu,Bb,Dd,ii,HH,ee,ZZ
196,Nelda,OO,Cc,Pp,Mm,rR,NN,ss,VV,aa,tt,LL,Uu,Bb,Dd,iI,hH,ee,ZZ
197,Joyce,Oo,cc,pp,MM,rr,nn,ss,vV,aA,tt,LL,Uu,BB,DD,ii,hh,EE,ZZ
198,Haley,oO,Cc,pp,Mm,RR,nn,SS,vV,aA,tt,ll,uU,bB,dd,II,hh,ee,ZZ
199,Ashli,oO,CC,pp,Mm,rR,nn,ss,vv,Aa,tt,LL,Uu,bB,DD,ii,HH,ee,zz
200,Jennifer,OO,Cc,Pp,mm,rr,nN,Ss,vv,aa,TT,Ll,uu,BB,dd,II,hH,EE,zZ
201,Emma,oO,cc,pp,mM,Rr,nN,Ss,vV,Aa,TT,lL,uU,BB,DD,iI,Hh,eE,Zz
202,Timothy,OO,CC,PP,Mm,Rr,NN,ss,vv,aa,TT,Ll,UU,bB,DD,Ii,hh,Ee,zZ
203,Robert,oo,CC,pp,Mm,rr,nN,SS,vV,AA,tt,Ll,uu,bB,DD,iI,hh,eE,ZZ
204,Terri,oo,Cc,PP,MM,Rr,nn,SS,vV,aA,tt,ll,uu,BB,dd,II,Hh,eE,zZ
205,Oscar,Oo,cC,Pp,MM,Rr,NN,ss,Vv,Aa,Tt,ll,Uu,BB,Dd,iI,Hh,Ee,zz
206,Kathleen,oo,cC,Pp,mm,rR,Nn,Ss,VV,aa,tt,ll,Uu,Bb,dd,iI,hh,Ee,ZZ
207,Minh,oo,cC,pp,MM,Rr,nn,sS,Vv,Aa,Tt,LL,UU,bb,DD,II,hh,EE,ZZ
208,Bradley,oo,cC,pp,Mm,rR,nN,SS,vV,AA,TT,Ll,Uu,Bb,Dd,II,hH,ee,zz
209,Misty,Oo,Cc,PP,Mm,Rr,Nn,Ss,Vv,Aa,tt,LL,uu,bB,dD,ii,HH,Ee,ZZ
210,David,OO,cC,Pp,Mm,rR,nN,sS,vV,aa,Tt,lL,UU,bB,Dd,iI,Hh,ee,zz
211,Kimberly,oo,cc,Pp,mm,Rr,Nn,SS,VV,Aa,TT,LL,uu,bB,dd,II,HH,EE,zZ
212,Anna,Oo,cc,pP,MM,rr,Nn,sS,vV,aa,tt,lL,Uu,BB,dD,ii,hH,Ee,ZZ
213,Ruby,oo,cc,pp,mM,rr,nN,ss,VV,Aa,Tt,LL,uU,bB,Dd,II,HH,Ee,zZ
214,Katina,oO,cc,PP,mm,Rr,Nn,ss,VV,Aa,TT,Ll,uU,bB,dd,II,hH,ee,zZ
215,Anderson,oo,CC,pp,Mm,Rr,nn,sS,VV,Aa,tt,ll,uU,Bb,dd,Ii,HH,EE,Zz
216,Jess,oo,cc,pp,mM,RR,Nn,ss,vv,aA,tt,lL,Uu,Bb,Dd,Ii,hh,ee,zZ
217,Clare,OO,Cc,pp,Mm,RR,nN,sS,VV,AA,TT,Ll,Uu,BB,DD,iI,HH,eE,ZZ
218,Barbara,oO,CC,pP,mm,RR,NN,ss,vv,AA,Tt,ll,Uu,bb,dd,II,Hh,Ee,zz
219,Min,oo,cC,Pp,MM,rR,Nn,Ss,vv,Aa,tT,lL,uu,Bb,DD,ii,hh,ee,Zz
220,Avery,oO,cC,PP,mM,Rr,nN,SS,Vv,aA,Tt,Ll,Uu,bb,Dd,Ii,Hh,EE,zz
221,Kylie,oO,cC,Pp,mm,rR,NN,sS,VV,Aa,tt,Ll,uu,bB,Dd,ii,Hh,EE,zZ
222,John,oo,Cc,Pp,mM,rr,nn,SS,VV,aa,TT,LL,uu,bb,Dd,ii,hH,EE,Zz
223,Steven,Oo,cC,pP,MM,rR,Nn,sS,vv,aa,tt,ll,Uu,BB,DD,iI,Hh,EE,Zz
224,David,OO,Cc,pP,Mm,rr,Nn,Ss,Vv,aA,Tt,Ll,Uu,bB,DD,ii,hh,Ee,zZ
225,Molly,oO,CC,pP,Mm,rR,NN,sS,VV,Aa,tt,ll,Uu,bb,DD,ii,HH,ee,Zz
226,Craig,Oo,Cc,pP,mm,RR,nn,ss,vV,aa,tt,Ll,uu,bB,Dd,ii,Hh,ee,Zz
227,William,oo,CC,Pp,mm,Rr,NN,Ss,vV,Aa,Tt,Ll,Uu,Bb,DD,ii,hH,EE,zZ
228,Earlene,oo,cC,Pp,mM,rR,NN,sS,VV,AA,tT,LL,uU,Bb,dd,iI,HH,ee,Zz
229,Carlota,OO,cC,pp,MM,rR,Nn,Ss,VV,AA,Tt,Ll,Uu,bb,dd,II,hH,ee,zZ
230,Shana,oo,Cc,pp,MM,rr,nN,Ss,VV,AA,tT,ll,uU,bB,dd,Ii,Hh,EE,zZ
231,Larry,oO,cC,pp,Mm,rr,NN,ss,VV,aa,tT,lL,uu,bB,dD,Ii,Hh,ee,zZ
232,Dallas,OO,cc,pp,mM,Rr,nn,SS,Vv,aA,Tt,ll,Uu,Bb,Dd,II,hh,ee,zZ
233,Teressa,oO,CC,pp,MM,RR,nN,Ss,Vv,aa,tt,LL,Uu,Bb,dd,II,Hh,EE,zZ
234,Lionel,OO,CC,pP,mM,rR,NN,Ss,vv,Aa,TT,lL,Uu,BB,Dd,iI,HH,ee,zZ
235,Phillip,OO,cc,pp,mM,rR,nn,ss,vv,aA,tT,Ll,Uu,bB,dd,Ii,Hh,eE,ZZ
236,Rodney,Oo,Cc,PP,MM,RR,Nn,sS,vv,aA,Tt,Ll,UU,BB,Dd,II,Hh,ee,Zz
237,Levi,oo,cc,Pp,mm,rr,NN,SS,VV,aa,tT,ll,uu,bB,Dd,ii,hh,ee,zz
238,Marilyn,Oo,cc,PP,mm,Rr,nN,SS,VV,aA,tT,LL,uu,bB,dd,iI,HH,EE,ZZ
239,Eric,oO,CC,Pp,mm,RR,Nn,Ss,Vv,Aa,tt,ll,UU,BB,dd,iI,hh,ee,zz
240,Danny,oO,Cc,Pp,MM,Rr,Nn,SS,vv,aa,tT,lL,uu,bb,Dd,II,hh,eE,zz
241,Arthur,oO,cC,Pp,Mm,rR,nn,SS,vV,Aa,Tt,ll,uu,BB,DD,iI,hH,eE,ZZ
242,Diana,Oo,cc,Pp,mm,rR,nN,ss,Vv,aA,TT,Ll,UU,bB,DD,II,HH,EE,zz
243,Christopher,oO,cc,pP,mm,rr,Nn,SS,Vv,AA,tt,lL,Uu,Bb,dd,ii,Hh,Ee,zz
244,Betty,OO,CC,pp,mm,RR,NN,Ss,vv,Aa,Tt,lL,uu,Bb,dd,Ii,hH,EE,Zz
245,Francis,OO,cc,pp,mm,rr,nn,ss,Vv,aA,tT,Ll,Uu,BB,dD,II,hh,eE,ZZ
246,Wendy,oo,cc,pp,mm,RR,NN,SS,vV,Aa,TT,LL,Uu,bb,DD,ii,hH,Ee,ZZ
247,Thomas,oO,CC,Pp,Mm,RR,nN,sS,vv,aa,tt,LL,UU,bb,dD,II,Hh,EE,zz
248,Clarence,oo,cc,PP,mM,RR,nn,Ss,vv,Aa,TT,ll,uU,BB,dd,iI,hH,Ee,Zz
249,Madeline,oo,cC,Pp,mm,rr,nN,sS,vV,AA,Tt,LL,Uu,bb,dd,Ii,hh,ee,Zz
250,Jason,oo,CC,PP,Mm,Rr,nN,SS,Vv,AA,Tt,lL,UU,bB,dd,Ii,Hh,EE,ZZ
251,Jodi,oO,cc,pP,Mm,rr,nN,ss,vV,aa,tt,Ll,Uu,bb,Dd,iI,HH,ee,zZ
252,Charles,oO,cC,pP,mm,rR,nN,ss,vv,AA,tt,lL,UU,BB,DD,II,HH,eE,zz
253,Alton,oO,Cc,pP,Mm,RR,NN,ss,VV,aa,TT,ll,uu,BB,Dd,II,hH,ee,zZ
254,Shawn,OO,cC,pp,mM,Rr,NN,SS,Vv,AA,Tt,ll,uu,bb,dd,ii,Hh,Ee,Zz
255,Brandon,oO,cC,pP,mm,RR,NN,ss,vv,aa,tT,lL,UU,Bb,dd,iI,hH,EE,zz
256,Patricia,Oo,Cc,pp,mm,rR,NN,ss,Vv,aa,Tt,Ll,Uu,Bb,dd,Ii,hh,Ee,zz
257,Daniel,oO,CC,PP,mm,Rr,NN,ss,vV,aA,tT,ll,uu,bb,dD,II,HH,Ee,ZZ
258,Tara,Oo,Cc,PP,mM,rR,nN,sS,Vv,aa,tT,ll,uU,Bb,dd,Ii,hH,Ee,Zz
259,Richard,oO,CC,pp,Mm,rR,NN,ss,vV,Aa,Tt,ll,Uu,BB,DD,ii,hH,Ee,Zz
260,Victor,Oo,CC,pP,mm,rr,nn,Ss,VV,aA,TT,lL,UU,BB,DD,Ii,hH,ee,zZ
261,Eileen,oo,Cc,Pp,mM,RR,nn,ss,Vv,aa,tt,ll,uU,bb,dd,II,hH,Ee,zZ
262,Christopher,Oo,CC,pP,MM,RR,nN,sS,vV,AA,TT,Ll,Uu,bB,Dd,Ii,Hh,EE,ZZ
263,Melinda,oO,Cc,pP,MM,rr,nn,SS,Vv,AA,tt,Ll,uu,Bb,dd,Ii,hH,ee,ZZ
264,Roseline,Oo,CC,pP,mM,rR,NN,sS,Vv,aA,TT,Ll,Uu,bb,dD,II,hh,Ee,zz
265,Donald,oo,CC,pp,MM,Rr,NN,Ss,VV,AA,Tt,lL,uu,BB,DD,iI,hH,Ee,zz
266,Linda,OO,cc,PP,Mm,rR,nn,SS,VV,AA,Tt,ll,Uu,Bb,Dd,II,Hh,ee,ZZ
267,Ernest,OO,cC,pP,mm,rR,NN,Ss,VV,Aa,Tt,ll,uU,bB,dD,iI,HH,eE,zz
268,Bailey,oo,cc,pP,mm,Rr,nN,Ss,Vv,aA,tT,LL,UU,bB,dD,iI,hh,Ee,zz
269,Donna,Oo,CC,PP,Mm,rR,nn,sS,VV,aa,tt,ll,uu,BB,dd,ii,HH,EE,ZZ
270,Sallie,oO,Cc,pp,MM,rR,Nn,Ss,VV,Aa,tt,LL,uU,bB,dd,Ii,hh,eE,zZ
271,Jeremy,oO,cC,Pp,mM,rR,NN,SS,vV,aA,tT,Ll,UU,bB,dD,ii,hH,Ee,ZZ
272,Benita,oo,cC,PP,MM,RR,Nn,ss,VV,AA,tt,LL,Uu,BB,DD,ii,Hh,Ee,zZ
273,Elizabeth,oO,Cc,Pp,mM,rr,Nn,SS,VV,AA,tt,ll,UU,bB,dd,II,hh,EE,Zz
274,Dan,Oo,CC,Pp,MM,rr,Nn,sS,vV,AA,Tt,ll,uU,BB,Dd,iI,Hh,EE,zZ
275,Dean,OO,Cc,PP,mM,rR,Nn,sS,vV,aa,TT,Ll,uU,bB,dD,ii,HH,EE,zz
276,Rodney,OO,Cc,Pp,Mm,rr,Nn,ss,VV,Aa,tT,ll,UU,BB,dd,ii,HH,eE,ZZ
277,Kathryn,oO,cC,Pp,Mm,RR,nN,Ss,vV,Aa,tt,lL,uU,bB,DD,ii,hh,eE,ZZ
278,William,Oo,cC,PP,mm,rr,nn,SS,VV,AA,tt,Ll,Uu,bb,dD,iI,hh,EE,ZZ
279,David,oo,Cc,Pp,MM,Rr,nN,ss,Vv,Aa,tt,Ll,UU,BB,Dd,II,hH,EE,ZZ
280,Michael,OO,CC,pp,mM,rr,nN,Ss,vV,AA,Tt,Ll,UU,BB,DD,iI,hH,ee,zz
281,Ella,OO,cc,pP,mM,rR,nn,SS,vv,aa,tt,lL,Uu,bb,dd,II,hH,EE,ZZ
282,Eugene,OO,cC,PP,mm,rr,nn,ss,vv,Aa,Tt,Ll,uu,BB,DD,ii,HH,EE,Zz
283,Richard,oO,cc,pP,MM,rR,nn,Ss,vv,aa,tt,Ll,uU,bb,dd,ii,HH,ee,zZ
284,Oliver,oo,CC,pp,Mm,RR,NN,Ss,Vv,aa,TT,lL,uu,bB,dd,Ii,hH,EE,ZZ
285,Charleen,OO,cc,PP,mm,rR,nn,Ss,VV,AA,TT,Ll,Uu,BB,Dd,II,Hh,ee,zZ
286,Linda,oo,Cc,pp,MM,rR,NN,sS,VV,aa,tt,LL,uU,Bb,DD,ii,HH,ee,ZZ
287,Williams,oO,cC,pp,mM,rr,Nn,Ss,Vv,aa,TT,lL,uU,BB,dd,Ii,HH,eE,Zz
288,Ricky,OO,Cc,pp,MM,rR,nN,SS,vV,aa,tT,lL,uu,BB,Dd,ii,hH,Ee,Zz
289,Thomas,oO,CC,pP,Mm,Rr,nn,Ss,Vv,AA,Tt,LL,UU,bB,dd,II,HH,eE,zZ
290,David,oO,cC,pP,Mm,RR,NN,sS,VV,Aa,tT,Ll,Uu,Bb,Dd,ii,hH,eE,zZ
291,Catherine,Oo,cC,Pp,MM,rR,nN,sS,Vv,aA,tT,LL,uU,Bb,Dd,Ii,Hh,ee,ZZ
292,Ola,OO,CC,Pp,MM,RR,nn,SS,vV,Aa,tt,LL,uU,Bb,dD,Ii,HH,Ee,ZZ
293,Jon,OO,cc,pp,Mm,rR,nn,SS,VV,aa,tT,ll,uU,bB,dd,ii,hh,ee,ZZ
294,Franklin,oO,cC,PP,mm,rr,nn,SS,VV,Aa,Tt,LL,UU,bB,Dd,Ii,HH,Ee,zz
295,Joseph,oo,CC,pp,MM,rR,Nn,Ss,Vv,aa,tT,ll,Uu,bB,DD,iI,hH,Ee,ZZ
296,George,oo,cC,pp,MM,rr,nn,sS,Vv,AA,tT,lL,UU,bb,dd,ii,hH,eE,zz
297,Russell,oo,Cc,pp,MM,rr,Nn,ss,VV,AA,tT,LL,uU,Bb,dd,II,HH,ee,Zz
298,Lori,OO,cc,Pp,Mm,rr,nn,sS,vV,aa,tt,lL,uU,bB,dd,II,hh,Ee,ZZ
299,Erik,OO,Cc,PP,Mm,rR,nn,ss,Vv,aA,tt,LL,uU,BB,Dd,iI,Hh,Ee,Zz
300,Jenny,oo,Cc,PP,MM,rr,NN,sS,vV,aa,Tt,Ll,uU,Bb,DD,Ii,Hh,EE,zz
301,Gary,OO,cC,Pp,Mm,rr,nn,ss,vV,aa,tt,ll,uu,BB,Dd,iI,HH,EE,zZ
302,Richard,Oo,cC,pp,Mm,RR,NN,Ss,Vv,Aa,tT,ll,uu,Bb,Dd,ii,Hh,EE,zz
303,Linda,oo,CC,PP,mm,RR,NN,SS,vv,aa,Tt,LL,uU,Bb,Dd,Ii,Hh,EE,zz
304,Lewis,Oo,cC,PP,mM,RR,nN,ss,Vv,Aa,Tt,lL,uu,BB,DD,Ii,Hh,ee,zz
305,Amelia,oo,Cc,PP,mm,rR,nN,sS,vv,aa,tT,lL,uU,bb,Dd,Ii,HH,Ee,zz
306,Gerald,oO,cC,Pp,mm,Rr,nn,Ss,Vv,AA,Tt,lL,UU,bb,Dd,iI,Hh,ee,zZ
307,Beverly,OO,CC,PP,MM,RR,NN,Ss,VV,AA,tt,LL,uu,bB,dD,Ii,hh,Ee,zZ
308,Rodney,OO,cC,PP,mM,rr,NN,sS,vv,aA,Tt,Ll,Uu,BB,dd,Ii,Hh,EE,ZZ
309,Dana,OO,CC,PP,mM,rr,Nn,sS,vv,aA,tt,lL,uu,BB,dD,ii,HH,EE,zz
310,Todd,oO,CC,PP,Mm,rR,Nn,ss,vv,AA,tT,Ll,uu,bb,DD,iI,hh,eE,zz
311,Elizabeth,OO,CC,pp,mM,RR,nn,sS,Vv,Aa,Tt,LL,uu,Bb,dd,iI,hh,Ee,zz
312,Jeremy,Oo,CC,Pp,mm,Rr,nN,Ss,vV,Aa,tt,ll,uu,bb,dD,iI,HH,eE,zz
313,William,OO,cc,pP,Mm,rR,nN,SS,vv,AA,TT,LL,UU,Bb,DD,iI,hh,ee,zz
314,Linda,oO,Cc,Pp,mM,RR,NN,Ss,vv,Aa,TT,Ll,Uu,bb,Dd,II,hH,eE,zz
315,Mary,oo,Cc,pp,Mm,Rr,NN,ss,vv,AA,tT,lL,Uu,bb,DD,II,Hh,eE,ZZ
316,Hortencia,Oo,CC,pp,MM,rR,nN,sS,vv,AA,Tt,Ll,uu,BB,dd,II,hH,ee,zz
317,Vicki,oO,CC,pp,mM,rr,NN,sS,Vv,aA,tT,Ll,uU,BB,dD,II,Hh,Ee,zz
318,Jesus,oo,cc,pP,mM,Rr,nN,ss,VV,aa,tT,lL,uU,bb,dD,II,HH,EE,zz
319,Joshua,oO,Cc,Pp,MM,Rr,Nn,SS,VV,Aa,Tt,lL,UU,bB,DD,Ii,Hh,EE,zZ
320,Paul,OO,cc,Pp,MM,RR,nN,Ss,VV,aA,tt,LL,Uu,BB,DD,Ii,Hh,ee,zZ
321,Sarah,oO,cc,PP,mM,Rr,nn,sS,vv,aA,TT,LL,Uu,BB,DD,II,HH,EE,zz
322,Frances,oo,Cc,PP,MM,Rr,Nn,ss,VV,Aa,Tt,LL,UU,bb,dd,ii,HH,ee,ZZ
323,Ruby,oo,cc,PP,mm,rR,nn,sS,VV,Aa,TT,LL,Uu,BB,Dd,Ii,hH,EE,zz
324,James,oo,Cc,pp,mM,rr,Nn,ss,VV,aA,tT,ll,uu,Bb,Dd,II,hH,EE,Zz
325,Miriam,oO,Cc,pP,mM,RR,NN,ss,Vv,Aa,TT,Ll,uU,BB,DD,iI,Hh,ee,zz
326,Richard,oO,Cc,pp,Mm,rR,nN,sS,VV,Aa,Tt,ll,UU,bb,dd,iI,hh,EE,ZZ
327,Lauren,oo,Cc,PP,mm,RR,Nn,ss,Vv,aa,tT,Ll,uu,BB,dd,iI,hH,Ee,zZ
328,Ronald,oO,Cc,pp,Mm,Rr,NN,sS,Vv,aA,tt,ll,UU,bB,Dd,II,Hh,ee,ZZ
329,Mattie,OO,cC,PP,MM,RR,Nn,SS,vV,aA,TT,LL,uU,bB,dD,iI,HH,eE,zZ
330,Julio,OO,Cc,PP,mm,rR,nN,ss,Vv,AA,tT,lL,Uu,bB,dd,iI,HH,EE,Zz
331,Robert,Oo,Cc,Pp,mM,rR,NN,ss,vV,aA,tT,Ll,uU,Bb,DD,iI,hH,EE,Zz
332,Benjamin,Oo,Cc,pP,Mm,RR,Nn,Ss,vV,Aa,tT,ll,uU,bb,DD,ii,hH,ee,zZ
333,Donald,oO,cC,Pp,MM,rr,nN,Ss,vv,AA,Tt,LL,uU,BB,dd,ii,hh,EE,zz
334,Stephanie,oo,CC,PP,Mm,Rr,nN,sS,Vv,aA,tT,LL,Uu,Bb,DD,Ii,hH,eE,zZ
335,Anthony,oO,Cc,pP,MM,RR,Nn,SS,vv,AA,TT,LL,UU,bb,dD,ii,hH,ee,Zz
336,Gregory,Oo,cc,PP,Mm,RR,NN,sS,vV,Aa,tT,Ll,uU,Bb,dd,ii,HH,eE,zZ
337,Mark,OO,CC,pp,mM,Rr,nn,SS,Vv,aA,tt,LL,uu,bb,Dd,II,Hh,eE,ZZ
338,Kenneth,oo,cC,Pp,MM,RR,nn,ss,VV,aA,TT,LL,UU,bB,DD,II,hh,Ee,zZ
339,Nicholas,oO,CC,Pp,mm,rr,nn,SS,vV,aa,tT,Ll,Uu,bB,dD,Ii,hh,eE,ZZ
340,Patrick,OO,cc,PP,Mm,RR,nN,SS,vv,AA,tt,Ll,Uu,bb,dD,II,hH,Ee,ZZ
341,Marguerite,oO,cc,PP,MM,RR,NN,sS,vV,aA,tt,Ll,uU,Bb,Dd,Ii,HH,EE,Zz
342,Ronnie,oO,cC,pP,Mm,rr,nn,Ss,vV,aa,Tt,ll,uU,BB,dD,iI,hH,Ee,zZ
343,Eric,Oo,CC,PP,Mm,RR,nn,sS,vv,AA,Tt,LL,Uu,Bb,Dd,ii,HH,EE,zz
344,Heather,OO,Cc,PP,mm,rr,NN,SS,Vv,aA,tT,ll,Uu,BB,dd,ii,hh,eE,Zz
345,Sylvia,oo,CC,pP,mm,rR,nN,Ss,VV,aa,TT,ll,uu,bB,Dd,Ii,hH,eE,Zz
346,Bobby,oO,cC,pp,mM,Rr,Nn,SS,Vv,aa,TT,lL,Uu,bB,DD,II,hh,EE,zz
347,Mary,Oo,CC,pP,mM,rR,nN,SS,Vv,Aa,tT,lL,uu,bB,dD,II,HH,EE,ZZ
348,Glenn,oo,CC,Pp,Mm,Rr,nN,Ss,vv,Aa,TT,lL,uu,BB,dD,ii,hH,EE,ZZ
349,Clarence,oo,CC,PP,MM,rr,nN,ss,vV,aa,TT,Ll,Uu,bB,dd,iI,HH,Ee,zz
350,Vera,oO,Cc,pP,mm,RR,nn,ss,vV,AA,tt,LL,Uu,bb,DD,iI,hH,EE,zZ
351,Dale,OO,cc,pP,mm,rr,Nn,Ss,Vv,aA,tt,LL,uU,Bb,DD,II,Hh,EE,zZ
352,Joseph,OO,Cc,pp,mM,Rr,nN,ss,VV,Aa,Tt,Ll,Uu,BB,DD,ii,Hh,EE,zZ
353,Megan,oO,Cc,Pp,Mm,rr,NN,ss,vv,Aa,TT,ll,uu,bb,Dd,iI,hH,EE,zz
354,Robert,oO,CC,Pp,Mm,rr,nn,Ss,Vv,aA,TT,ll,uu,Bb,dD,iI,Hh,EE,ZZ
355,Arthur,oo,cc,PP,mM,Rr,NN,Ss,Vv,AA,TT,LL,uu,Bb,Dd,iI,hH,eE,Zz
356,Nancy,oo,CC,pP,Mm,RR,nn,ss,vv,aA,TT,Ll,uu,bB,dd,ii,Hh,eE,zZ
357,Ruth,oO,Cc,pP,mm,rr,NN,Ss,vV,aa,Tt,Ll,Uu,bB,dd,iI,HH,EE,Zz
358,Herbert,oo,cc,pp,MM,RR,nN,sS,vV,AA,TT,lL,uu,bb,dd,ii,Hh,eE,ZZ
359,Aleta,OO,CC,pp,MM,rr,nN,Ss,VV,Aa,TT,Ll,uu,Bb,dd,Ii,hh,Ee,Zz
360,Jason,Oo,cc,pp,MM,rr,nn,sS,vV,Aa,Tt,Ll,UU,BB,DD,ii,hH,Ee,zz
361,Javier,OO,Cc,pp,Mm,RR,Nn,Ss,vv,Aa,Tt,LL,uu,bB,dd,Ii,HH,EE,ZZ
362,Karin,OO,cC,pP,mm,RR,nN,SS,vv,aa,Tt,ll,UU,bb,DD,iI,HH,Ee,ZZ
363,John,Oo,Cc,Pp,mM,RR,Nn,SS,VV,aA,tt,lL,Uu,bb,dd,iI,Hh,EE,zz
364,Mona,Oo,cC,Pp,Mm,Rr,nn,SS,VV,Aa,TT,lL,Uu,Bb,dd,iI,hH,Ee,ZZ
365,Lana,oO,cc,PP,mm,rr,nn,Ss,Vv,AA,Tt,Ll,uU,bb,dd,Ii,hH,ee,ZZ
366,Roland,OO,cC,PP,mM,Rr,NN,sS,vV,aA,tt,Ll,Uu,bb,dd,ii,HH,EE,zz
367,Vanessa,oO,cc,pP,mm,rr,nN,Ss,VV,aA,TT,lL,Uu,BB,DD,Ii,Hh,eE,zZ
368,Tracy,Oo,Cc,pP,MM,RR,nn,Ss,VV,AA,tt,ll,Uu,Bb,dd,Ii,hH,EE,Zz
369,Judy,OO,cC,pP,mm,rR,NN,Ss,vv,aA,tT,LL,Uu,Bb,dD,II,Hh,eE,zz
370,Gerald,OO,Cc,Pp,mM,rr,nn,ss,vv,aA,tt,LL,Uu,bB,DD,II,hH,eE,Zz
371,Susana,OO,Cc,pP,mm,rr,nn,SS,VV,Aa,tt,Ll,uu,BB,Dd,ii,hh,Ee,zZ
372,Luis,Oo,Cc,PP,mm,rr,NN,SS,vv,AA,TT,lL,uU,BB,dd,Ii,hh,EE,ZZ
373,Kathryn,Oo,cC,pp,Mm,rR,Nn,ss,VV,AA,Tt,LL,UU,bb,DD,Ii,hH,eE,ZZ
374,Diane,OO,CC,pp,Mm,Rr,nN,sS,vV,aA,TT,lL,UU,bB,DD,II,hH,EE,Zz
375,Donna,OO,Cc,PP,mM,rr,nN,SS,vv,Aa,tT,ll,Uu,bB,DD,ii,Hh,Ee,Zz
376,Freeman,OO,cC,Pp,mM,RR,nn,Ss,vV,AA,tt,Ll,uu,bb,dD,II,hH,eE,zZ
377,Bob,Oo,Cc,PP,mm,rr,Nn,Ss,VV,Aa,tt,ll,Uu,bB,DD,Ii,hh,Ee,zZ
378,Mary,OO,CC,Pp,mm,RR,nN,SS,vv,aA,TT,ll,uU,BB,dd,Ii,HH,Ee,ZZ
379,Gina,OO,cC,pp,mm,Rr,NN,ss,vv,aA,tt,LL,uU,BB,dD,II,HH,ee,Zz
380,Daniel,oo,cc,pP,mM,RR,NN,sS,Vv,aA,TT,ll,uu,Bb,DD,Ii,Hh,Ee,zZ
381,William,oO,cc,pP,Mm,rr,Nn,ss,vv,Aa,TT,LL,UU,BB,dD,iI,hh,eE,zZ
382,Bruce,Oo,Cc,PP,Mm,rr,NN,sS,VV,aa,Tt,LL,uu,bB,dD,ii,hH,ee,zz
383,Kristin,oO,CC,PP,mm,RR,nN,SS,VV,Aa,tt,Ll,uu,bB,Dd,II,HH,eE,zZ
384,Jay,oo,cc,pp,mM,rr,nN,ss,VV,aA,Tt,lL,Uu,bb,dD,II,hH,Ee,Zz
385,Christopher,oO,CC,pp,mm,Rr,nN,Ss,Vv,AA,Tt,LL,UU,BB,dD,Ii,HH,eE,zz
386,Clinton,oo,Cc,pp,Mm,rr,nn,sS,vv,aa,tT,Ll,uu,Bb,Dd,ii,HH,ee,ZZ
387,Geneva,oO,CC,PP,MM,RR,nN,Ss,vV,aa,TT,Ll,Uu,bB,DD,II,hh,Ee,zZ
388,Clarence,oo,CC,Pp,mm,rR,NN,SS,VV,aA,Tt,lL,uu,bb,DD,iI,HH,Ee,zZ
389,Elizabeth,OO,Cc,pp,Mm,Rr,NN,SS,Vv,Aa,Tt,Ll,UU,bb,dD,II,hH,eE,zz
390,Phillip,Oo,CC,Pp,mm,rR,nn,Ss,vV,aA,tT,LL,uu,bB,DD,ii,HH,EE,Zz
391,Shane,oO,Cc,PP,MM,rR,nn,SS,VV,AA,tt,LL,uu,bb,Dd,ii,Hh,EE,zz
392,Wayne,oo,cc,pP,Mm,rR,nn,Ss,Vv,AA,tt,lL,uU,BB,dD,II,hh,eE,zz
393,Jacob,OO,CC,pP,Mm,rr,nn,SS,Vv,aa,TT,Ll,UU,BB,dd,iI,Hh,eE,Zz
394,Henry,oo,cc,PP,MM,rr,Nn,sS,vV,Aa,tT,ll,UU,Bb,dD,ii,Hh,Ee,zZ
395,Tiffany,oo,cc,pP,Mm,RR,Nn,sS,vV,AA,tT,lL,UU,Bb,Dd,Ii,Hh,ee,ZZ
396,Judy,oO,cC,pp,mM,Rr,NN,sS,VV,AA,Tt,LL,Uu,Bb,dd,Ii,hH,EE,Zz
397,George,oO,Cc,pP,Mm,RR,nN,ss,vV,aA,tT,Ll,UU,bb,DD,iI,hh,Ee,ZZ
398,Dennis,oo,CC,PP,MM,Rr,Nn,sS,vv,Aa,TT,Ll,uu,BB,Dd,iI,HH,ee,zz
399,Jacob,Oo,cC,pP,mM,Rr,nn,ss,vv,aa,tT,LL,Uu,BB,dD,Ii,hh,EE,Zz
400,Jose,oO,CC,Pp,mm,rr,nn,sS,vV,aa,TT,lL,uu,bB,Dd,II,HH,ee,ZZ
401,Eddie,oo,cc,pp,mM,rR,nn,Ss,Vv,Aa,TT,lL,UU,bb,dd,ii,hH,ee,zZ
402,Lester,oo,cC,pP,mM,Rr,nn,sS,vv,aa,tt,ll,uu,BB,dd,iI,hh,EE,zZ
403,Felicia,OO,cC,pp,mM,Rr,nn,SS,vv,Aa,TT,lL,Uu,Bb,dd,iI,Hh,eE,zZ
404,Katie,OO,cC,pP,Mm,RR,nN,Ss,vV,Aa,Tt,Ll,uu,bb,Dd,Ii,HH,eE,zz
405,Gertrud,oo,cC,PP,MM,rr,NN,ss,VV,aa,tt,ll,uU,bb,dD,II,Hh,ee,ZZ
406,Eve,oO,cc,pP,MM,rR,NN,Ss,Vv,aa,Tt,LL,Uu,BB,dD,ii,HH,ee,ZZ
407,Kathy,OO,cC,pp,mM,RR,nn,sS,VV,aa,tT,ll,uU,BB,Dd,iI,hH,Ee,ZZ
408,Leona,oo,CC,Pp,Mm,rr,nn,sS,vv,aa,TT,Ll,UU,bB,dd,Ii,Hh,EE,zz
409,Beryl,oO,Cc,Pp,mM,Rr,nn,ss,vV,AA,tT,ll,uU,Bb,DD,ii,Hh,Ee,ZZ
410,Mandy,oO,CC,pP,Mm,RR,Nn,ss,VV,AA,Tt,lL,uU,BB,dD,iI,HH,EE,ZZ
411,James,OO,CC,pP,mm,Rr,NN,ss,vv,AA,Tt,ll,UU,Bb,dd,Ii,hH,EE,zz
412,April,Oo,cc,Pp,Mm,rR,nn,ss,VV,aa,tt,lL,Uu,Bb,dD,II,HH,eE,Zz
413,Kenny,oO,cC,PP,MM,RR,nn,SS,VV,aa,TT,Ll,UU,Bb,DD,Ii,Hh,eE,ZZ
414,Harvey,oo,cC,Pp,mM,Rr,Nn,sS,vV,aA,tT,Ll,Uu,Bb,DD,Ii,HH,Ee,zz
415,Sarah,oO,Cc,pp,Mm,Rr,NN,sS,vv,aa,tt,Ll,Uu,bB,Dd,Ii,HH,ee,zz
416,May,OO,cC,Pp,mM,RR,NN,ss,vV,aa,Tt,ll,uu,BB,dd,iI,HH,eE,zZ
417,Patricia,OO,cC,PP,MM,rR,NN,SS,Vv,aA,TT,lL,UU,BB,Dd,iI,hH,Ee,ZZ
418,Antoinette,oO,cC,PP,mm,rr,nn,SS,vV,aA,Tt,LL,uU,Bb,DD,ii,HH,Ee,zZ
419,Goldie,oO,cC,pP,Mm,rR,nn,Ss,VV,aa,tT,Ll,Uu,bB,dD,iI,Hh,eE,Zz
420,Ruth,oo,cc,PP,mm,rR,nn,ss,Vv,AA,Tt,ll,UU,BB,Dd,Ii,hH,eE,ZZ
421,Elijah,oO,Cc,pP,Mm,rr,NN,sS,vV,Aa,TT,LL,uu,BB,Dd,II,hh,EE,ZZ
422,Thurman,OO,cC,pp,MM,rr,nN,Ss,Vv,aa,tT,Ll,Uu,Bb,dD,ii,HH,eE,zZ
423,Robert,OO,CC,PP,mm,Rr,NN,SS,Vv,AA,tt,LL,uu,bB,dd,ii,hh,ee,zZ
424,Carolyn,oO,Cc,pP,mM,rr,NN,sS,Vv,Aa,tT,LL,uu,bb,dD,Ii,hH,eE,zz
425,Ruth,oo,cC,pP,mm,Rr,Nn,Ss,vv,aa,TT,LL,UU,BB,DD,Ii,Hh,eE,Zz
426,Linda,oo,cc,pp,MM,RR,nN,Ss,vv,aA,TT,lL,UU,bb,dd,Ii,Hh,Ee,zz
427,Kimberly,oO,cc,Pp,Mm,RR,nn,Ss,vV,aa,tt,ll,uu,bb,dd,ii,hh,eE,Zz
428,James,OO,Cc,pp,mm,rR,nN,Ss,vV,aA,TT,LL,uu,bB,dD,Ii,Hh,Ee,zz
429,Kaitlin,oo,cc,pp,Mm,rr,NN,sS,vv,AA,Tt,Ll,uu,bB,dd,II,hH,ee,Zz
430,Loretta,oo,CC,pP,mM,rr,nn,ss,Vv,aA,TT,LL,UU,Bb,Dd,iI,hh,Ee,Zz
431,Larry,oO,Cc,pp,mM,Rr,nN,Ss,vV,Aa,Tt,Ll,uu,bB,dD,II,hH,Ee,zz
432,Mike,oO,cC,Pp,mM,Rr,nn,Ss,vV,Aa,tt,LL,uU,BB,Dd,iI,HH,eE,zZ
433,Janine,Oo,CC,pp,Mm,Rr,Nn,Ss,Vv,aa,TT,ll,uu,bB,dD,ii,hh,EE,ZZ
434,David,Oo,cc,Pp,mM,rR,nN,ss,vV,AA,tt,lL,uu,BB,Dd,iI,hH,eE,ZZ
435,Jonah,oO,CC,Pp,mm,rR,nn,Ss,VV,aa,Tt,Ll,Uu,Bb,dD,Ii,Hh,Ee,zz
436,Dana,oO,cC,pP,mm,RR,NN,sS,Vv,aa,tT,ll,uU,BB,DD,II,HH,ee,zz
437,Edward,oO,cc,pP,mm,rr,Nn,Ss,vv,aA,Tt,ll,Uu,bB,dD,iI,hh,Ee,Zz
438,Precious,OO,cC,pp,mM,rR,nn,SS,VV,aa,TT,lL,uU,BB,dD,ii,HH,eE,ZZ
439,Susan,OO,CC,pp,MM,RR,nn,ss,Vv,aa,tT,LL,Uu,bB,dD,ii,HH,EE,zZ
440,Jane,oo,cC,Pp,mM,rr,nN,ss,vV,Aa,tt,Ll,uu,bB,Dd,iI,hH,eE,zz
441,Zackary,Oo,Cc,PP,mM,rR,nn,sS,Vv,aA,TT,LL,Uu,bb,dd,iI,HH,eE,zZ
442,Enid,OO,cc,pP,Mm,rr,Nn,SS,vV,AA,TT,LL,Uu,Bb,dD,II,HH,ee,Zz
443,Stephen,Oo,Cc,pP,Mm,Rr,nN,Ss,vv,aA,Tt,Ll,uu,bb,dd,ii,Hh,EE,zZ
444,Benjamin,Oo,Cc,pP,mM,Rr,nn,ss,Vv,AA,tt,ll,uU,bb,dD,ii,hh,Ee,zz
445,Bertha,oO,CC,pp,mM,RR,nn,sS,vv,Aa,TT,lL,uU,bB,dD,II,Hh,ee,Zz
446,Shaneka,Oo,cc,Pp,Mm,rR,NN,SS,Vv,AA,Tt,Ll,uU,bB,DD,Ii,hh,eE,Zz
447,Gary,oo,CC,PP,mm,RR,nn,sS,VV,aA,tT,ll,uu,bb,dD,II,hH,ee,zz
448,Linda,OO,cc,PP,mM,Rr,nn,sS,vV,Aa,tt,lL,UU,Bb,dd,ii,Hh,eE,Zz
449,Edward,OO,cC,pP,Mm,RR,NN,sS,Vv,AA,tt,ll,UU,BB,Dd,iI,hH,ee,ZZ
450,Walter,oo,cc,pp,MM,rR,nn,Ss,Vv,aa,TT,ll,uU,bB,DD,ii,hH,ee,zz
451,Lewis,OO,CC,pp,Mm,rR,NN,Ss,vv,aA,tT,LL,Uu,bB,dD,Ii,Hh,ee,zZ
452,Howard,oo,Cc,Pp,MM,RR,Nn,sS,vv,AA,tt,ll,UU,Bb,dd,Ii,hH,ee,ZZ
453,Larry,OO,cc,pP,mm,RR,nn,ss,vV,aa,tT,Ll,uU,bB,DD,ii,hh,EE,zz
454,Jeanette,OO,cc,PP,mM,Rr,nN,ss,Vv,AA,tT,ll,uu,BB,dD,ii,HH,EE,zZ
455,Edward,Oo,CC,pP,MM,rr,Nn,SS,Vv,aa,tT,ll,uU,bB,dd,Ii,HH,Ee,zz
456,Mildred,OO,Cc,Pp,mM,rR,Nn,SS,vV,Aa,tT,Ll,UU,BB,Dd,iI,Hh,Ee,Zz
457,Cynthia,oo,cc,Pp,Mm,rr,NN,SS,VV,aA,Tt,Ll,Uu,bb,Dd,II,hH,ee,zZ
458,Latonia,OO,cC,PP,mm,rr,nn,SS,Vv,aa,tt,LL,UU,BB,Dd,II,hH,eE,ZZ
459,Cherie,Oo,CC,PP,Mm,RR,Nn,Ss,vv,aA,tT,ll,uu,bb,Dd,iI,Hh,Ee,Zz
460,Henry,OO,CC,PP,Mm,rr,nN,Ss,vV,aA,tT,lL,Uu,Bb,Dd,ii,hh,eE,ZZ
461,Celina,oO,CC,pP,mm,RR,Nn,ss,Vv,aA,tT,Ll,uu,BB,dd,ii,HH,Ee,zz
462,Tracie,Oo,cc,pp,mM,RR,nN,SS,Vv,aa,Tt,lL,uU,bB,dD,iI,hh,ee,zZ
463,Mary,OO,CC,Pp,Mm,RR,nN,sS,Vv,aa,TT,lL,Uu,Bb,dD,Ii,hh,Ee,Zz
464,Christopher,Oo,Cc,pP,mM,rR,Nn,sS,Vv,Aa,tt,LL,uu,Bb,Dd,ii,hh,ee,zZ
465,John,OO,cc,Pp,mM,Rr,Nn,sS,vv,AA,tt,ll,uU,bB,Dd,ii,HH,eE,Zz
466,Barbara,Oo,Cc,PP,Mm,Rr,NN,Ss,VV,aA,tT,Ll,UU,Bb,dd,II,hH,Ee,zz
467,William,oo,cC,pp,MM,rR,Nn,ss,VV,Aa,Tt,LL,uu,BB,Dd,Ii,Hh,Ee,zZ
468,Cynthia,oo,cC,Pp,MM,RR,nn,ss,VV,aa,Tt,lL,UU,BB,dD,ii,hH,Ee,zz
469,Mary,oo,Cc,pp,Mm,RR,Nn,Ss,Vv,aA,Tt,lL,uU,Bb,Dd,iI,Hh,EE,zz
470,Gertrude,Oo,CC,Pp,Mm,RR,nN,ss,vv,AA,TT,LL,uu,bb,Dd,II,Hh,eE,zz
471,Kurt,oO,cc,pP,Mm,rr,nn,SS,vV,aA,TT,lL,uu,BB,DD,ii,hh,EE,zz
472,Herbert,oO,cC,PP,MM,RR,NN,Ss,Vv,Aa,Tt,LL,UU,bB,dd,II,Hh,eE,zz
473,Alexis,OO,cc,PP,mm,rr,nn,SS,vV,Aa,Tt,ll,Uu,bb,Dd,iI,hH,eE,zz
474,Andrea,OO,cc,pP,MM,Rr,NN,SS,VV,Aa,Tt,Ll,uU,bb,dd,iI,hH,Ee,Zz
475,Harriett,Oo,Cc,pP,Mm,Rr,NN,ss,Vv,aA,tT,ll,uU,bB,Dd,iI,hH,EE,ZZ
476,Jordan,Oo,Cc,pp,mM,rr,nn,sS,vV,aa,tT,lL,uU,Bb,DD,iI,hH,eE,zz
477,Rose,oO,Cc,PP,mm,RR,nN,Ss,VV,Aa,tT,LL,Uu,Bb,dd,II,hH,ee,zZ
478,Jestine,oo,CC,Pp,mm,Rr,Nn,SS,Vv,aa,Tt,ll,uU,bB,dd,iI,hH,EE,ZZ
479,Kelly,OO,cC,pP,mm,rr,nn,sS,vV,aa,TT,lL,UU,bB,dD,Ii,Hh,ee,ZZ
480,Mildred,OO,CC,pP,mm,RR,nN,Ss,vv,aa,Tt,Ll,uU,bB,dD,ii,HH,ee,Zz
481,Richard,Oo,cc,pp,mm,rr,nn,sS,vV,aa,tt,ll,UU,Bb,dd,iI,HH,Ee,Zz
482,Matthew,oO,cc,pp,mM,rR,Nn,sS,vv,aa,TT,LL,uu,BB,DD,Ii,hH,ee,ZZ
483,Lavern,oO,cc,PP,Mm,RR,nN,ss,Vv,AA,tt,LL,UU,Bb,DD,II,hH,Ee,zZ
484,Clara,Oo,cc,Pp,MM,rr,NN,ss,vV,aa,tT,ll,UU,Bb,Dd,ii,hH,eE,zZ
485,Charles,Oo,Cc,pP,mM,Rr,nn,sS,vV,aA,tT,ll,UU,bB,dd,II,HH,EE,Zz
486,Luis,oO,CC,PP,MM,RR,nN,Ss,Vv,Aa,TT,ll,UU,bB,DD,ii,hh,ee,ZZ
487,George,OO,CC,Pp,mM,rr,nn,ss,vV,Aa,TT,LL,uu,Bb,DD,iI,Hh,Ee,Zz
488,Frances,Oo,cc,pP,Mm,Rr,NN,ss,VV,aa,tT,lL,uU,BB,dd,II,HH,EE,ZZ
489,Stan,oo,Cc,pP,MM,rr,nn,SS,vv,AA,tT,ll,Uu,bB,DD,iI,HH,eE,zz
490,Nathan,Oo,CC,pP,MM,RR,nn,SS,vV,Aa,tt,Ll,UU,BB,DD,iI,hh,Ee,Zz
491,Kenneth,oo,Cc,pP,MM,rR,nn,Ss,Vv,aa,tT,ll,Uu,bB,dd,II,hh,eE,Zz
492,Hannah,oO,cC,PP,MM,RR,nN,SS,VV,aA,tt,lL,uU,bB,dD,II,HH,Ee,zz
493,Charles,Oo,cc,pp,mM,rR,NN,sS,Vv,aa,tT,LL,Uu,Bb,dd,II,hH,Ee,zZ
494,Janice,oo,Cc,PP,mM,Rr,nN,SS,Vv,aA,Tt,Ll,uU,bB,dd,II,hh,Ee,zZ
495,Melvin,oo,CC,PP,Mm,rR,NN,Ss,Vv,aA,Tt,lL,uU,Bb,DD,iI,Hh,Ee,zZ
496,Shannon,oo,CC,pP,MM,Rr,nN,SS,Vv,aA,Tt,Ll,Uu,bB,Dd,ii,HH,Ee,zz
497,Sharon,Oo,CC,PP,Mm,RR,Nn,ss,VV,aa,tT,LL,uu,BB,dD,II,HH,eE,zz
498,James,oO,cC,pp,MM,rr,NN,ss,VV,AA,Tt,Ll,uU,BB,dd,Ii,hh,Ee,zZ
499,Bradley,Oo,cC,Pp,mm,RR,nn,ss,VV,Aa,tt,Ll,Uu,Bb,Dd,Ii,Hh,EE,zz
500,Daniel,oo,Cc,pP,Mm,rR,nN,sS,Vv,Aa,tT,LL,uu,bB,dd,iI,hH,ee,zZ
501,Wayne,OO,CC,pP,Mm,rR,Nn,ss,Vv,aA,tt,LL,Uu,Bb,dD,II,Hh,ee,zZ
502,Gregory,oO,cC,PP,mm,rR,Nn,Ss,VV,Aa,TT,lL,UU,bb,dD,iI,Hh,Ee,zZ
503,Annie,oo,Cc,PP,mM,rR,nN,sS,VV,Aa,tt,ll,UU,Bb,dD,Ii,HH,ee,zZ
504,Bennie,OO,CC,PP,mm,RR,nn,ss,Vv,AA,tt,Ll,UU,bB,dd,ii,Hh,Ee,ZZ
505,Michael,OO,CC,Pp,mm,rr,NN,SS,vv,aA,tt,lL,UU,BB,dD,iI,hH,Ee,zz
506,Barbara,OO,cC,Pp,MM,Rr,NN,SS,Vv,AA,Tt,Ll,Uu,bb,DD,Ii,hH,eE,zz
507,Latonya,oO,cc,pp,mM,Rr,nN,ss,VV,aa,Tt,ll,uu,Bb,DD,Ii,Hh,eE,ZZ
508,Sandra,OO,CC,PP,Mm,Rr,Nn,ss,vv,aA,TT,Ll,Uu,bb,dd,ii,HH,EE,zZ
509,Tony,oo,cc,Pp,mm,rr,NN,sS,vV,aa,Tt,lL,UU,BB,Dd,ii,hH,eE,zZ
510,William,oO,cc,PP,mM,Rr,nn,sS,Vv,aA,Tt,ll,uU,bB,dd,ii,hH,EE,ZZ
511,Carla,OO,Cc,PP,MM,Rr,NN,ss,Vv,aA,Tt,lL,uU,bB,DD,iI,hH,ee,zz
512,Cathy,Oo,cc,pP,MM,RR,NN,ss,vv,Aa,tT,LL,uu,bB,dD,ii,hh,EE,zZ
513,Billy,oo,cc,pP,mM,rr,NN,ss,vV,AA,tt,lL,uU,BB,Dd,Ii,Hh,Ee,zZ
514,Eliza,oO,cc,pP,MM,rr,nn,ss,Vv,aa,tt,lL,uu,bB,dD,Ii,Hh,ee,zz
515,Scott,oO,Cc,pp,MM,rR,nn,sS,vV,AA,TT,ll,uU,bB,DD,iI,Hh,EE,Zz
516,Benjamin,OO,CC,Pp,mM,rr,nN,Ss,VV,AA,tT,ll,Uu,Bb,Dd,Ii,hh,Ee,zZ
517,Mark,Oo,cC,pP,MM,RR,nN,Ss,vV,aA,tT,Ll,Uu,bb,Dd,iI,hH,EE,ZZ
518,Stephan,oo,CC,PP,MM,rr,NN,Ss,vV,AA,TT,lL,uu,bB,DD,iI,HH,ee,ZZ
519,Timothy,oO,cc,PP,MM,rR,nn,sS,vv,AA,TT,lL,uu,Bb,DD,iI,hH,ee,ZZ
520,Gregory,oo,Cc,Pp,mM,rr,nN,Ss,Vv,aA,tT,LL,UU,BB,DD,ii,hH,ee,ZZ
521,Brian,oO,cC,pp,Mm,RR,nn,sS,vv,Aa,TT,LL,UU,bB,Dd,iI,hH,Ee,zZ
522,Jack,OO,cc,pP,MM,Rr,NN,ss,vV,aa,tt,LL,uu,bb,DD,ii,HH,eE,ZZ
523,Robert,Oo,Cc,pp,mm,RR,Nn,SS,vV,aA,tT,ll,uU,bB,DD,iI,HH,eE,ZZ
524,Manuel,OO,cC,pP,Mm,rr,Nn,ss,VV,aa,tT,lL,Uu,Bb,dD,Ii,HH,Ee,Zz
525,Anthony,oO,CC,PP,mm,Rr,nN,SS,VV,AA,Tt,Ll,Uu,bb,dd,Ii,HH,EE,Zz
526,Mark,Oo,cc,PP,mm,rR,Nn,ss,vV,aA,tT,ll,uU,Bb,Dd,II,hH,EE,Zz
527,Jean,oO,CC,pp,mm,RR,Nn,sS,Vv,aa,Tt,Ll,uU,bb,DD,II,Hh,Ee,ZZ
528,Wayne,OO,cc,pP,mM,Rr,Nn,sS,Vv,Aa,Tt,Ll,uu,Bb,dD,ii,Hh,EE,zz
529,Norman,OO,cC,pp,mm,Rr,Nn,Ss,Vv,Aa,tt,ll,uu,BB,dD,iI,hH,EE,zz
530,Carrie,Oo,CC,PP,mM,rR,Nn,sS,vv,aA,tt,lL,uU,bb,DD,Ii,Hh,EE,ZZ
531,Thomas,oo,Cc,Pp,Mm,rr,Nn,ss,VV,aa,TT,lL,uU,BB,DD,Ii,Hh,eE,zz
532,Ada,OO,cC,pP,MM,Rr,nN,Ss,VV,aa,Tt,ll,uU,bB,DD,ii,Hh,ee,zz
533,Lucille,oO,Cc,Pp,MM,rR,Nn,sS,VV,aa,tt,Ll,UU,Bb,Dd,ii,hh,Ee,Zz
534,Ola,Oo,cc,pp,MM,rr,nn,SS,vV,AA,TT,LL,Uu,BB,dd,iI,hH,EE,zz
535,Jack,Oo,cC,pp,Mm,RR,nn,ss,vV,aa,tT,ll,uu,BB,dD,ii,hH,EE,zZ
536,Angela,OO,cc,PP,mm,rr,nn,sS,vv,aA,TT,Ll,UU,Bb,DD,II,hh,Ee,Zz
537,Herbert,oO,cc,PP,MM,RR,nn,ss,VV,Aa,tt,Ll,uU,bb,dD,iI,HH,EE,Zz
538,William,OO,cC,pp,mM,rr,NN,sS,Vv,aA,tt,ll,uU,Bb,DD,iI,hh,eE,Zz
539,Gina,Oo,CC,pP,Mm,rR,Nn,sS,vv,aA,tt,ll,UU,BB,Dd,Ii,hh,Ee,zZ
540,Maryann,Oo,Cc,pP,mM,Rr,NN,Ss,vV,Aa,tt,lL,uu,BB,dd,II,Hh,Ee,Zz
541,Matthew,Oo,cc,Pp,MM,rr,NN,ss,vV,AA,TT,LL,UU,bB,DD,Ii,HH,eE,zz
542,Tiffany,oo,cc,pp,mm,RR,nN,Ss,VV,Aa,Tt,LL,Uu,Bb,DD,II,Hh,ee,Zz
543,Ray,Oo,Cc,PP,Mm,Rr,nN,SS,vv,Aa,TT,lL,UU,bb,dd,ii,hh,eE,zz
544,Michelle,oo,cc,pP,mM,rR,NN,Ss,vv,Aa,TT,Ll,uU,bB,dd,ii,Hh,ee,Zz
545,Clinton,oo,Cc,pP,Mm,rr,NN,Ss,vV,Aa,TT,lL,Uu,bb,DD,iI,Hh,EE,Zz
546,Allegra,Oo,Cc,pP,mM,RR,Nn,Ss,vv,aa,tt,lL,Uu,BB,dd,Ii,hh,eE,zz
547,Richard,OO,cc,PP,Mm,rR,nN,sS,vV,aa,Tt,ll,Uu,Bb,dd,ii,hH,Ee,Zz
548,Beatrice,oO,Cc,pP,MM,rR,nN,SS,VV,Aa,tt,Ll,uU,bB,dd,II,Hh,EE,ZZ
549,Roger,oO,cc,PP,mM,RR,nn,SS,VV,aA,Tt,Ll,UU,bB,DD,iI,HH,EE,zz
550,Casey,oo,cC,pp,MM,RR,nn,Ss,vV,aA,tT,ll,Uu,bB,Dd,II,hh,EE,zZ
551,Jose,OO,CC,Pp,mm,rR,Nn,Ss,vV,aA,TT,lL,Uu,BB,dD,ii,Hh,EE,zZ
552,Margaret,OO,cC,pp,mm,RR,nN,Ss,vV,aa,tt,LL,uU,bB,dd,ii,hH,ee,Zz
553,April,Oo,cc,pp,mM,Rr,nN,ss,VV,AA,Tt,LL,uu,bB,dd,Ii,HH,eE,ZZ
554,Deirdre,oO,Cc,PP,mM,RR,NN,sS,Vv,aa,tT,LL,Uu,bb,dD,iI,Hh,Ee,ZZ
555,Raymond,Oo,Cc,pP,mM,rr,NN,ss,vv,aa,tT,Ll,UU,Bb,Dd,iI,HH,ee,zz
556,Heidi,OO,cc,pP,Mm,Rr,NN,Ss,vV,aa,tt,Ll,uU,bb,dd,II,hh,eE,ZZ
557,Tammy,oO,CC,Pp,MM,rr,nn,SS,vv,AA,TT,LL,uu,Bb,Dd,Ii,Hh,Ee,ZZ
558,Larry,oo,Cc,Pp,Mm,rR,nN,ss,Vv,aa,tT,ll,uu,bb,DD,Ii,HH,EE,zZ
559,Jessica,Oo,cc,pP,mm,rR,nn,sS,vv,aA,tt,LL,UU,bB,Dd,Ii,hH,eE,ZZ
560,Sheryl,Oo,cc,Pp,MM,RR,nn,sS,vv,aA,tt,lL,UU,bb,dD,Ii,hh,EE,zZ
561,Judy,OO,cC,pP,mm,RR,nN,ss,vv,aA,TT,ll,Uu,Bb,dD,Ii,hH,ee,zz
562,Timothy,oO,Cc,pp,MM,rR,nn,sS,Vv,aa,tt,ll,uU,Bb,Dd,ii,Hh,EE,ZZ
563,Ruth,oo,Cc,pP,MM,Rr,nN,sS,Vv,aA,tT,lL,Uu,bB,dd,Ii,hh,eE,zZ
564,David,Oo,cc,Pp,MM,Rr,nn,SS,Vv,aA,TT,Ll,UU,Bb,dd,iI,hH,EE,zZ
565,Shirley,Oo,cC,PP,MM,rr,nN,ss,vV,aA,tT,LL,uu,bb,dD,II,HH,EE,Zz
566,John,oO,cC,PP,MM,Rr,NN,ss,Vv,Aa,Tt,LL,Uu,bb,dD,II,hH,Ee,zZ
567,Michael,oo,CC,pP,mm,rR,nN,sS,vv,Aa,TT,ll,uu,bB,Dd,iI,Hh,eE,ZZ
568,Mildred,oo,cc,pp,MM,rR,NN,ss,VV,Aa,TT,Ll,Uu,bB,dD,ii,hH,ee,zz
569,Velma,oo,CC,pP,Mm,RR,nN,ss,vv,Aa,tT,LL,UU,bB,dD,II,hH,EE,Zz
570,Kenneth,oo,cC,pp,mM,rR,Nn,ss,vV,aA,Tt,lL,uU,bb,DD,ii,HH,Ee,zz
571,Timothy,OO,Cc,pP,Mm,Rr,Nn,sS,vv,Aa,Tt,ll,uu,BB,dd,Ii,hh,Ee,zz
572,Ryan,OO,cC,Pp,mm,rR,Nn,sS,vV,AA,Tt,Ll,uU,bB,Dd,II,Hh,eE,zZ
573,Timothy,oO,cc,PP,mM,RR,Nn,ss,vV,aa,TT,lL,UU,Bb,dD,iI,hh,ee,zZ
574,Mary,OO,cC,pp,mm,rr,nN,sS,Vv,Aa,tT,lL,uu,bB,Dd,II,HH,ee,zz
575,Ernest,oO,CC,Pp,mm,rR,nN,sS,Vv,Aa,tt,lL,uu,BB,dD,Ii,hH,EE,zz
576,Daryl,oO,Cc,PP,mM,Rr,NN,SS,VV,aa,tT,Ll,UU,BB,dD,Ii,hH,ee,zz
577,Thomas,OO,CC,Pp,mM,RR,nn,Ss,Vv,aA,Tt,ll,UU,Bb,dd,iI,HH,Ee,zZ
578,Michele,oo,Cc,pP,mM,rr,NN,SS,vv,Aa,tT,LL,UU,BB,dD,II,hh,eE,zz
579,Richard,oO,cC,pP,mM,rR,nn,SS,Vv,aa,TT,Ll,uu,Bb,Dd,II,HH,Ee,ZZ
580,Lakeisha,Oo,cc,Pp,MM,Rr,Nn,Ss,vV,aa,tT,ll,uu,BB,Dd,ii,Hh,EE,zZ
581,Adell,OO,Cc,pP,MM,Rr,NN,SS,VV,aa,tT,Ll,uu,bB,dd,ii,HH,ee,Zz
582,Amy,oO,CC,Pp,MM,rR,nN,Ss,Vv,aa,Tt,LL,UU,BB,Dd,ii,hH,ee,zz
583,Carolyn,oo,cc,PP,MM,rr,NN,SS,Vv,AA,tT,LL,uu,bb,Dd,II,hH,eE,ZZ
584,Sabrina,oo,CC,pp,MM,rr,nn,Ss,vv,aa,tt,Ll,uU,bb,dd,iI,hH,eE,Zz
585,Theresa,OO,CC,pP,mm,rr,nN,Ss,VV,Aa,tT,Ll,Uu,Bb,DD,iI,HH,ee,zz
586,James,oO,Cc,pp,mm,rR,Nn,sS,Vv,aA,Tt,Ll,uU,bb,dd,Ii,hh,Ee,ZZ
587,William,oo,CC,pP,Mm,Rr,Nn,Ss,VV,AA,Tt,LL,Uu,BB,Dd,ii,hH,Ee,zz
588,Norma,Oo,CC,pp,mM,rr,nN,SS,VV,aa,Tt,ll,uU,bB,DD,iI,Hh,eE,zz
589,John,OO,CC,pp,mM,Rr,Nn,ss,Vv,AA,tT,Ll,Uu,bb,DD,Ii,hH,eE,ZZ
590,Frank,oO,Cc,Pp,mM,RR,Nn,sS,VV,aa,TT,LL,Uu,Bb,Dd,II,HH,EE,zz
591,Tanya,Oo,cC,pp,mm,rR,NN,ss,vv,aa,TT,Ll,UU,BB,Dd,ii,hH,ee,zZ
592,Adam,Oo,cc,pp,mM,Rr,Nn,sS,vv,aA,tt,ll,UU,bB,Dd,II,hh,ee,ZZ
593,Vanessa,oO,cc,Pp,mm,rr,Nn,ss,vV,aA,tt,Ll,UU,bb,Dd,II,hh,eE,ZZ
594,Betty,oO,CC,Pp,MM,Rr,nn,ss,vv,AA,Tt,Ll,uu,BB,Dd,Ii,hh,eE,ZZ
595,Richard,oO,Cc,pP,mM,rr,Nn,ss,vv,Aa,TT,LL,uu,bB,dD,ii,HH,eE,ZZ
596,Sarah,OO,Cc,pP,mm,rR,nn,SS,VV,aa,Tt,Ll,UU,bB,dD,iI,Hh,EE,zZ
597,Susan,Oo,Cc,PP,MM,Rr,nn,SS,VV,AA,tT,lL,uu,Bb,DD,Ii,hh,EE,ZZ
598,Catherine,oO,CC,Pp,Mm,RR,NN,ss,VV,Aa,Tt,Ll,uu,BB,dd,ii,Hh,ee,zz
599,Ava,Oo,cc,PP,mm,rr,NN,ss,vV,AA,tt,Ll,uu,BB,Dd,ii,Hh,Ee,Zz
600,John,oO,CC,PP,Mm,Rr,nn,SS,VV,Aa,tT,LL,uU,bb,dD,iI,Hh,Ee,zZ
601,Tina,OO,CC,pp,MM,rr,nn,SS,Vv,aA,tT,Ll,uU,BB,DD,Ii,hH,eE,zz
602,Donn,Oo,cC,PP,mM,Rr,Nn,sS,vV,AA,TT,LL,Uu,Bb,DD,ii,hH,ee,Zz
603,Edward,oo,Cc,pp,MM,Rr,nn,sS,Vv,aA,TT,ll,uU,bB,dD,Ii,hh,Ee,zZ
604,Brenda,Oo,cC,PP,Mm,rr,NN,sS,vv,Aa,TT,LL,uu,Bb,dD,II,hH,Ee,zz
605,Nicholas,oo,CC,pp,mm,Rr,nn,SS,Vv,Aa,tT,LL,Uu,BB,dD,ii,hH,eE,zZ
606,Jason,oO,Cc,PP,mm,Rr,nN,ss,vV,aA,Tt,LL,uU,BB,DD,iI,hh,eE,Zz
607,Helen,oO,cC,pP,Mm,RR,Nn,ss,Vv,aa,tT,LL,Uu,bB,Dd,Ii,hH,Ee,ZZ
608,Charles,oo,CC,pP,mm,rR,nN,SS,vV,AA,tt,ll,uu,Bb,dd,iI,hH,Ee,zZ
609,Danyelle,oO,cC,Pp,Mm,rr,Nn,Ss,VV,aa,TT,ll,UU,bb,dD,iI,hh,Ee,zZ
610,Elizabeth,OO,Cc,PP,mM,rr,nn,Ss,vv,aA,tT,Ll,Uu,bB,dD,ii,hH,EE,zZ
611,Gabriel,oo,Cc,Pp,Mm,Rr,nN,sS,Vv,aA,tT,ll,Uu,bb,dd,II,HH,Ee,zz
612,Ronald,Oo,cC,pp,mm,RR,NN,sS,vv,Aa,tt,ll,uu,Bb,dd,iI,HH,ee,zZ
613,Laurence,oO,cC,pp,Mm,Rr,Nn,ss,vv,aA,tt,Ll,UU,bB,dd,ii,Hh,EE,zz
614,Joshua,OO,cC,pp,MM,rR,NN,sS,Vv,aa,tt,LL,UU,BB,DD,iI,hh,ee,zz
615,Keith,oO,cC,pp,mM,RR,NN,sS,vV,aA,tt,lL,uu,BB,DD,ii,Hh,EE,Zz
616,Juanita,oO,cC,Pp,Mm,RR,Nn,Ss,VV,AA,tt,ll,uU,BB,Dd,II,hh,Ee,Zz
617,Marilee,OO,Cc,pp,Mm,RR,Nn,sS,vv,aA,tt,lL,uU,bb,DD,Ii,Hh,EE,zz
618,Michael,oo,cc,pp,mM,RR,nN,Ss,VV,AA,tt,ll,uu,bB,dD,iI,hH,ee,Zz
619,William,oO,cc,PP,MM,Rr,NN,ss,vV,aa,tT,Ll,Uu,BB,dD,ii,hH,Ee,ZZ
620,Jean,OO,cC,PP,Mm,RR,nn,SS,vV,Aa,tt,Ll,uu,bb,Dd,iI,Hh,Ee,zZ
621,Richard,oO,cc,pP,mm,rr,nN,ss,VV,aa,Tt,ll,Uu,bB,Dd,ii,hH,Ee,zz
622,Jasmine,Oo,cC,pP,mm,rR,Nn,SS,vV,AA,Tt,Ll,UU,Bb,Dd,ii,HH,eE,zz
623,Virginia,oO,cC,pP,Mm,RR,NN,sS,VV,aa,tT,ll,uu,BB,Dd,ii,hH,ee,zz
624,Lydia,OO,cc,pp,mm,rr,nN,SS,Vv,AA,tT,lL,UU,BB,dD,Ii,HH,Ee,zZ
625,Doris,oo,Cc,pp,mM,rR,nN,sS,VV,aA,TT,lL,UU,bB,dD,Ii,hH,Ee,zZ
626,Michael,Oo,cC,PP,Mm,RR,nN,sS,vv,aa,tt,ll,Uu,bb,Dd,ii,hh,ee,ZZ
627,Laura,Oo,cC,PP,mm,rr,Nn,sS,VV,AA,Tt,ll,uU,bb,dD,II,hh,EE,Zz
628,George,oO,Cc,Pp,mm,RR,nn,ss,vv,AA,Tt,lL,UU,Bb,Dd,Ii,HH,eE,Zz
629,Robert,oo,cc,pP,MM,RR,nN,Ss,VV,aa,TT,LL,Uu,BB,dd,II,Hh,EE,ZZ
630,Jason,Oo,cc,pP,MM,rr,nn,Ss,Vv,aA,tT,LL,uu,bb,Dd,ii,hH,EE,zz
631,Carolyn,Oo,CC,pP,mm,rr,NN,SS,VV,aa,Tt,lL,uU,Bb,DD,ii,HH,EE,zZ
632,Pamela,oO,cc,PP,mM,rr,nn,ss,vV,aA,tt,Ll,Uu,bb,Dd,Ii,hH,Ee,zZ
633,Brittany,Oo,CC,Pp,mM,RR,nN,SS,vV,Aa,tt,lL,UU,BB,dD,Ii,hh,Ee,ZZ
634,Brett,oO,cc,pP,mM,RR,nN,SS,vV,aa,tt,ll,uU,BB,DD,iI,HH,eE,ZZ
635,Tom,oO,CC,pp,mM,rR,nn,ss,Vv,aa,tt,Ll,uu,BB,Dd,ii,HH,ee,ZZ
636,Robin,Oo,cC,pP,MM,Rr,NN,Ss,Vv,aa,TT,Ll,UU,bB,dd,II,hH,EE,zz
637,Justin,oo,cC,Pp,Mm,RR,Nn,ss,Vv,aA,tt,ll,uU,bB,DD,II,Hh,eE,zZ
638,Ira,Oo,Cc,Pp,mm,rr,nn,SS,vv,Aa,tT,Ll,Uu,Bb,dd,iI,hH,Ee,zz
639,Lana,Oo,cC,pp,Mm,rr,nN,ss,VV,AA,TT,lL,UU,Bb,dd,ii,HH,Ee,zz
640,Carol,OO,cc,Pp,mm,rr,NN,SS,vV,Aa,tt,Ll,Uu,bb,DD,ii,hh,EE,zz
641,Roy,oO,cc,pP,mM,RR,nn,ss,Vv,aA,tT,Ll,Uu,bB,Dd,ii,HH,EE,ZZ
642,Penny,oO,cC,pP,MM,Rr,nN,sS,Vv,AA,tt,Ll,Uu,Bb,dD,iI,hH,eE,Zz
643,Barbara,oo,Cc,PP,Mm,rr,nn,SS,VV,Aa,TT,Ll,Uu,bB,DD,iI,Hh,EE,Zz
644,Bennie,OO,cc,pp,Mm,RR,nN,Ss,vv,aa,tT,lL,Uu,BB,DD,ii,HH,EE,zZ
645,Ralph,oo,CC,PP,Mm,Rr,nn,ss,vV,AA,TT,lL,UU,bb,DD,ii,HH,EE,Zz
646,Tamara,oo,cC,PP,mM,Rr,nn,ss,vV,AA,Tt,ll,uU,Bb,DD,ii,Hh,ee,ZZ
647,Thomas,Oo,cC,Pp,MM,Rr,nn,ss,Vv,aA,TT,ll,uU,Bb,Dd,ii,HH,EE,Zz
648,Edna,OO,cC,PP,mm,rR,nn,ss,vV,Aa,TT,lL,uU,bb,DD,Ii,HH,eE,zZ
649,Denise,oo,cc,PP,mM,Rr,NN,Ss,vV,aA,Tt,lL,uU,Bb,dD,ii,HH,eE,ZZ
650,Bret,Oo,CC,pp,MM,RR,NN,ss,VV,AA,tT,lL,uU,Bb,dD,II,Hh,eE,zz
651,James,oo,cC,pP,Mm,Rr,NN,SS,Vv,aA,Tt,Ll,uU,BB,dD,II,HH,Ee,zz
652,Daniel,OO,cC,PP,Mm,RR,nN,ss,Vv,aA,Tt,LL,Uu,bb,dd,II,hH,Ee,zz
653,Donald,oO,CC,PP,mm,rr,NN,ss,vV,AA,tt,ll,uU,bB,dD,iI,Hh,eE,zZ
654,Rosalina,oo,CC,pp,mm,rr,NN,ss,Vv,aa,tT,lL,uU,bb,Dd,iI,hH,eE,ZZ
655,Phyllis,oo,cc,Pp,Mm,RR,nN,SS,VV,aa,TT,lL,uU,bb,dd,ii,HH,eE,ZZ
656,Jill,oo,cC,pP,mm,RR,nn,ss,vV,Aa,TT,lL,UU,bb,Dd,iI,hh,EE,zZ
657,Allen,oo,cC,pp,Mm,rR,NN,ss,Vv,AA,Tt,lL,UU,bB,dD,iI,Hh,Ee,zz
658,Sandra,oo,cc,pP,mm,Rr,nn,Ss,Vv,aA,tT,Ll,UU,bb,DD,iI,hh,Ee,zz
659,Oliver,oo,CC,pp,Mm,RR,nN,sS,vv,Aa,tt,Ll,Uu,BB,DD,II,HH,Ee,zz
660,Nancy,Oo,Cc,PP,mm,Rr,nN,sS,vV,aa,tT,LL,Uu,Bb,DD,Ii,hH,eE,zZ
661,Reginald,oo,CC,Pp,mm,RR,nN,ss,vV,Aa,tt,Ll,uU,BB,dd,II,hh,ee,Zz
662,James,Oo,CC,pp,Mm,rR,nN,ss,vV,aA,tt,LL,uU,BB,Dd,II,hh,Ee,ZZ
663,Lorene,oO,Cc,PP,mm,rR,nn,sS,Vv,aA,tt,Ll,uU,Bb,Dd,iI,Hh,ee,ZZ
664,Bonnie,oo,CC,Pp,mM,rR,nN,sS,Vv,aA,tt,LL,uu,bb,dd,II,HH,eE,zz
665,Robert,oo,cc,PP,Mm,rR,Nn,SS,VV,Aa,TT,Ll,UU,bb,dD,II,hh,ee,zz
666,Teodoro,Oo,Cc,PP,mm,Rr,nn,Ss,vV,aa,TT,ll,uu,Bb,Dd,II,hH,Ee,zZ
667,Lee,oO,cc,pp,mM,Rr,Nn,SS,vv,AA,Tt,LL,uu,bB,dD,Ii,Hh,ee,ZZ
668,Debbie,Oo,CC,pp,MM,RR,nn,SS,VV,aa,Tt,lL,uU,bB,dD,Ii,hh,eE,Zz
669,Meghan,OO,cC,Pp,mM,Rr,nN,sS,VV,aa,TT,lL,UU,bb,dd,iI,HH,ee,ZZ
670,Rose,OO,cc,pP,Mm,Rr,Nn,SS,VV,aa,Tt,lL,UU,BB,Dd,Ii,hH,eE,zz
671,Elizebeth,oO,cc,PP,MM,RR,nn,sS,Vv,Aa,tT,Ll,uU,bB,DD,ii,Hh,ee,zZ
672,Robert,OO,CC,PP,MM,RR,NN,ss,vv,aa,tT,Ll,UU,bb,DD,Ii,hh,EE,zZ
673,Joseph,OO,CC,Pp,Mm,Rr,Nn,sS,VV,AA,Tt,LL,Uu,bb,DD,iI,HH,Ee,zz
674,Dorothy,oo,Cc,PP,mM,rR,nN,Ss,VV,Aa,Tt,lL,UU,bB,dd,ii,hH,ee,zZ
675,Imogene,oO,cC,pp,mM,Rr,nn,ss,Vv,aa,TT,Ll,uu,bb,dd,iI,hH,ee,Zz
676,Doris,Oo,cC,pp,MM,RR,nn,ss,vv,aa,tT,lL,UU,bB,dd,iI,hH,eE,Zz
677,Kari,oo,cC,PP,Mm,rR,NN,Ss,VV,aA,Tt,ll,uU,Bb,Dd,II,HH,Ee,Zz
678,Thomas,oO,Cc,Pp,mM,rR,nn,Ss,VV,aA,TT,Ll,uU,BB,DD,II,Hh,Ee,Zz
679,Mary,Oo,Cc,pp,Mm,Rr,nn,ss,vV,Aa,tT,LL,uU,Bb,dd,iI,hh,ee,Zz
680,Brian,Oo,cc,Pp,MM,RR,NN,SS,vv,aa,tT,LL,uU,bB,Dd,Ii,hh,eE,Zz
681,Delores,OO,Cc,pp,Mm,rr,nn,ss,VV,aA,tt,lL,UU,bB,dd,II,hh,EE,zZ
682,Rex,oO,Cc,pp,MM,RR,NN,SS,vv,aa,tt,ll,uu,bb,dd,II,hH,EE,ZZ
683,Deborah,oo,cC,pp,Mm,RR,nN,Ss,vv,aa,tT,LL,Uu,BB,Dd,II,hh,eE,Zz
684,Michael,Oo,Cc,Pp,mm,rr,nN,ss,vV,aa,tT,Ll,uU,Bb,dD,ii,hh,Ee,ZZ
685,Glenn,Oo,Cc,Pp,mm,rr,NN,sS,vV,aa,TT,ll,uu,bB,dd,Ii,HH,EE,zZ
686,Tracy,oo,Cc,Pp,mm,Rr,NN,SS,VV,aa,TT,Ll,UU,bb,dD,Ii,HH,EE,ZZ
687,Janet,Oo,CC,pp,mM,RR,nN,SS,Vv,aa,tT,LL,uu,bB,dD,iI,Hh,eE,Zz
688,Herbert,Oo,cC,pp,Mm,rr,nn,sS,vV,aa,Tt,ll,UU,BB,Dd,ii,hh,Ee,ZZ
689,Bill,oO,cC,pp,mM,RR,NN,SS,vV,aa,Tt,lL,uu,Bb,dd,Ii,hh,eE,zZ
690,Karla,oo,cc,PP,mM,rR,nN,SS,VV,aA,tt,Ll,Uu,Bb,Dd,ii,hH,Ee,zz
691,Caroline,Oo,Cc,pp,Mm,rr,nn,ss,vV,AA,Tt,Ll,uu,BB,dd,iI,hH,eE,zz
692,Edith,Oo,cC,PP,mM,rr,nN,sS,vV,aa,TT,LL,uU,bB,DD,II,HH,eE,zZ
693,Young,OO,Cc,PP,mm,rR,nN,sS,VV,AA,Tt,ll,uU,BB,dD,ii,Hh,EE,Zz
694,Richard,oO,cC,pP,MM,rr,nN,Ss,Vv,aA,TT,lL,uu,bB,dd,ii,HH,EE,zZ
695,Joseph,Oo,Cc,pp,Mm,Rr,NN,SS,vV,Aa,tT,ll,UU,bb,DD,iI,hh,ee,ZZ
696,Ben,Oo,cc,pP,Mm,rR,nn,Ss,vV,aa,TT,Ll,uu,BB,dD,iI,hH,ee,zz
697,Clarence,Oo,cC,pp,mm,rR,NN,ss,vv,Aa,Tt,lL,Uu,bB,DD,ii,hH,EE,zZ
698,Edith,Oo,cC,PP,MM,rR,nn,sS,vV,aA,tt,ll,Uu,BB,Dd,ii,HH,EE,zZ
699,Mary,oo,Cc,Pp,Mm,Rr,nn,sS,vV,Aa,tt,ll,uu,BB,dd,II,hH,Ee,zZ
700,Aaron,Oo,cC,Pp,mM,Rr,Nn,sS,Vv,aA,tT,lL,uu,bB,DD,II,hH,Ee,ZZ
701,John,oO,cc,pp,mM,RR,NN,sS,vV,Aa,TT,lL,UU,bB,DD,II,HH,eE,ZZ
702,Linda,oo,cC,pP,MM,Rr,nn,ss,Vv,aA,TT,Ll,uu,Bb,Dd,Ii,hH,EE,ZZ
703,Lucy,oo,CC,pP,mM,RR,nN,ss,vV,aa,tt,ll,Uu,BB,Dd,II,Hh,eE,zz
704,Joseph,OO,cc,PP,mm,rr,NN,SS,vV,Aa,TT,lL,uU,Bb,dD,ii,HH,eE,Zz
705,Thurman,Oo,cc,Pp,MM,RR,nN,ss,vV,aA,TT,Ll,Uu,BB,Dd,iI,hH,EE,ZZ
706,Donna,Oo,Cc,Pp,MM,rR,NN,ss,vV,Aa,tt,ll,uU,bB,Dd,Ii,hh,Ee,zZ
707,George,oo,cc,pP,Mm,rR,Nn,Ss,VV,AA,tt,LL,uU,bb,DD,II,hH,eE,Zz
708,David,OO,CC,pP,mm,Rr,NN,sS,vv,AA,tt,lL,uU,bB,dd,Ii,hh,EE,ZZ
709,Thomas,OO,Cc,Pp,mM,rR,Nn,ss,vv,aA,tT,ll,uu,Bb,Dd,Ii,Hh,EE,zz
710,Ashley,Oo,Cc,pP,mm,rR,Nn,SS,vV,AA,tt,Ll,uU,bb,dD,Ii,Hh,Ee,ZZ
711,Alisa,oo,cC,Pp,mm,RR,Nn,SS,VV,aa,Tt,LL,Uu,Bb,dD,ii,Hh,eE,Zz
712,Meagan,oo,Cc,PP,mm,Rr,NN,sS,vV,AA,tt,lL,uU,Bb,dD,Ii,hH,EE,zz
713,Robert,Oo,CC,pP,mm,Rr,nN,ss,Vv,aA,tt,Ll,uU,Bb,dd,Ii,Hh,EE,ZZ
714,Joyce,OO,Cc,Pp,MM,rr,Nn,SS,vV,aA,tt,Ll,uU,bB,DD,iI,hH,EE,Zz
715,Leon,oO,Cc,pP,MM,rr,nn,ss,VV,aA,tt,LL,uu,bb,Dd,II,hH,Ee,zz
716,John,Oo,cc,pp,Mm,RR,nn,SS,vv,aA,Tt,lL,UU,Bb,DD,ii,HH,Ee,zz
717,Delores,OO,Cc,PP,Mm,RR,NN,ss,vV,AA,Tt,lL,Uu,BB,Dd,Ii,hH,eE,ZZ
718,Daniel,Oo,cc,pp,mm,Rr,nN,Ss,vv,aA,TT,lL,Uu,BB,dd,iI,Hh,EE,zz
719,Portia,Oo,cc,PP,mM,Rr,nn,sS,vV,aA,tt,ll,UU,bB,dD,ii,Hh,EE,zz
720,Virginia,Oo,CC,pP,mm,RR,NN,SS,VV,Aa,tT,ll,uu,BB,dd,iI,HH,EE,zZ
721,Jeanelle,OO,cc,PP,mM,Rr,Nn,ss,VV,AA,tT,lL,uu,bB,Dd,iI,hh,eE,Zz
722,Michael,Oo,cc,Pp,mm,rR,Nn,sS,Vv,aa,tt,lL,uU,bb,DD,II,hH,EE,Zz
723,Nathaniel,OO,cc,PP,Mm,RR,nN,sS,Vv,Aa,TT,ll,uu,Bb,Dd,iI,hh,Ee,ZZ
724,Richard,OO,Cc,pp,MM,Rr,nN,SS,Vv,Aa,tT,LL,Uu,bb,dD,II,hH,eE,zZ
725,Donna,OO,cc,Pp,mm,rr,NN,SS,Vv,aa,TT,Ll,UU,BB,DD,iI,Hh,Ee,Zz
726,Amber,Oo,cC,pp,mM,Rr,Nn,SS,VV,Aa,tT,lL,uU,Bb,Dd,ii,HH,Ee,zZ
727,Helen,oo,cc,Pp,MM,RR,nn,Ss,VV,AA,tT,lL,UU,BB,DD,iI,hh,EE,zz
728,Reid,oO,cc,pP,Mm,Rr,NN,Ss,vv,aA,Tt,Ll,UU,Bb,Dd,ii,hH,Ee,ZZ
729,Melody,oO,CC,pP,MM,RR,Nn,sS,VV,aA,TT,ll,Uu,BB,dd,ii,hh,eE,zZ
730,Antonio,oo,cC,pP,Mm,rr,nN,Ss,VV,aA,tT,lL,uU,BB,DD,Ii,Hh,ee,Zz
731,Pamela,Oo,CC,pp,Mm,RR,nN,SS,VV,AA,Tt,Ll,uU,Bb,DD,Ii,Hh,Ee,zZ
732,Stephanie,OO,cC,pp,Mm,rR,NN,sS,vV,AA,tT,LL,Uu,bB,Dd,II,HH,EE,ZZ
733,Mildred,oo,cc,pP,mM,Rr,nN,Ss,vv,aA,tt,ll,uu,bB,Dd,iI,hH,EE,zZ
734,Clarence,Oo,cc,Pp,MM,rr,NN,ss,Vv,Aa,TT,LL,uU,BB,dD,ii,hH,Ee,zz
735,Tammy,oo,cc,Pp,Mm,RR,nn,ss,Vv,aa,TT,Ll,Uu,bB,dd,II,HH,ee,ZZ
736,Darrell,oO,cC,Pp,Mm,rr,nN,Ss,VV,AA,TT,lL,uu,bb,Dd,ii,hH,ee,Zz
737,Jesse,OO,cC,Pp,MM,rr,Nn,sS,VV,Aa,Tt,LL,Uu,Bb,dD,Ii,HH,ee,Zz
738,Jack,Oo,Cc,pP,mm,rR,Nn,ss,Vv,aA,Tt,lL,UU,bb,dD,iI,hH,Ee,Zz
739,Norma,oO,cC,pp,Mm,rR,NN,SS,vv,AA,tt,LL,Uu,bb,DD,Ii,hH,ee,zZ
740,Lisa,oo,cc,pp,mM,RR,nN,ss,Vv,Aa,tt,lL,Uu,bb,DD,II,HH,eE,ZZ
741,Angela,OO,cC,Pp,MM,Rr,Nn,sS,Vv,aa,TT,LL,uU,Bb,dd,iI,HH,EE,zZ
742,Bernard,OO,cc,pP,MM,RR,nN,Ss,vv,AA,tt,ll,UU,Bb,dD,II,HH,eE,zZ
743,Carmen,oO,cC,PP,MM,rr,Nn,ss,vv,AA,tt,Ll,UU,Bb,Dd,iI,Hh,ee,zZ
744,Pamela,Oo,CC,PP,mm,rr,nn,sS,vV,aA,TT,Ll,uU,Bb,dd,II,hH,Ee,zz
745,Alfonso,oO,cc,PP,mM,RR,nn,ss,Vv,AA,tT,lL,uU,BB,Dd,ii,HH,Ee,zZ
746,Sean,oO,Cc,pp,mm,rr,NN,sS,VV,Aa,Tt,LL,Uu,Bb,Dd,ii,Hh,eE,ZZ
747,Roy,Oo,CC,Pp,MM,rr,nn,ss,vv,aA,tT,LL,uU,Bb,dD,iI,Hh,EE,zZ
748,Tom,Oo,Cc,Pp,mM,RR,nN,sS,vv,aa,Tt,lL,uu,bb,DD,Ii,hH,EE,Zz
749,Henry,oo,cc,pp,Mm,RR,nN,ss,Vv,Aa,TT,ll,uu,bb,Dd,ii,Hh,eE,zZ
750,Terri,Oo,CC,pP,Mm,Rr,Nn,ss,Vv,aA,Tt,ll,Uu,BB,dd,Ii,hH,eE,Zz
751,Willie,OO,cC,PP,mM,Rr,nN,SS,vv,Aa,tT,LL,uu,bB,Dd,II,hH,ee,zz
752,William,OO,cc,Pp,Mm,rr,nN,ss,vv,Aa,tt,ll,Uu,BB,DD,iI,HH,Ee,Zz
753,Bernadette,Oo,cc,pP,mM,rR,Nn,SS,vv,aa,Tt,LL,uU,Bb,dd,II,hh,Ee,Zz
754,Virgie,oO,cC,pp,MM,rr,nN,sS,vv,aa,TT,LL,uu,Bb,DD,ii,HH,Ee,zZ
755,Betty,oo,cC,PP,mm,Rr,Nn,SS,VV,Aa,Tt,Ll,uu,Bb,dd,iI,HH,ee,ZZ
756,Henry,oo,cC,pP,MM,RR,Nn,ss,Vv,Aa,TT,lL,uU,bB,DD,II,HH,ee,Zz
757,Tommy,OO,cC,pP,mM,RR,Nn,sS,VV,aa,TT,LL,Uu,bb,dd,iI,HH,ee,zz
758,Lai,Oo,Cc,Pp,MM,Rr,nn,ss,VV,Aa,TT,LL,Uu,BB,DD,Ii,HH,ee,ZZ
759,Chester,oO,cc,PP,mM,RR,nn,Ss,vv,AA,tT,lL,uU,Bb,DD,II,hh,eE,zZ
760,Michelle,oo,CC,PP,mm,rR,Nn,ss,vv,Aa,TT,LL,uu,bB,dd,iI,Hh,EE,zz
761,Deborah,OO,cc,pP,Mm,rR,Nn,SS,vV,Aa,tT,Ll,Uu,BB,dd,ii,Hh,ee,Zz
762,Moises,OO,cC,PP,Mm,rR,Nn,SS,Vv,aa,tT,ll,UU,BB,dd,iI,HH,eE,Zz
763,Rod,oO,cC,Pp,Mm,rr,Nn,Ss,vV,Aa,tT,ll,UU,Bb,DD,ii,hH,ee,zz
764,Rachel,oO,CC,pp,Mm,RR,nn,SS,vv,aA,tt,ll,UU,bB,DD,Ii,hh,EE,zz
765,James,oO,Cc,pp,mm,rr,Nn,ss,Vv,Aa,tT,lL,UU,bb,DD,II,Hh,Ee,zZ
766,Eugene,oo,cC,Pp,mm,RR,nn,Ss,Vv,Aa,Tt,ll,uU,bB,dd,II,hh,EE,Zz
767,Ruby,OO,cC,Pp,Mm,Rr,NN,SS,vv,aa,tt,lL,uU,BB,dD,Ii,HH,eE,zz
768,Susan,Oo,CC,pp,mm,RR,Nn,Ss,vv,AA,Tt,LL,UU,Bb,Dd,iI,hh,ee,zz
769,Andrea,oO,cc,PP,MM,RR,nN,SS,Vv,aa,tt,lL,uu,BB,dd,Ii,HH,EE,zZ
770,Brian,oO,CC,Pp,mm,Rr,nn,ss,Vv,aA,TT,ll,Uu,BB,DD,Ii,hH,Ee,Zz
771,Kevin,OO,cc,pP,mm,Rr,nN,sS,VV,Aa,TT,LL,UU,bb,DD,ii,Hh,EE,ZZ
772,John,oO,cC,PP,mM,RR,NN,Ss,VV,aa,tT,Ll,uU,BB,dD,iI,hH,eE,Zz
773,Mirta,oo,CC,pP,Mm,rr,nn,Ss,Vv,aA,TT,lL,Uu,bb,Dd,II,Hh,EE,zZ
774,Blair,Oo,Cc,Pp,Mm,RR,nN,sS,Vv,aa,tt,Ll,uU,bb,DD,Ii,HH,Ee,zz
775,Melanie,oo,cC,Pp,mm,rR,nn,SS,vv,aa,Tt,ll,Uu,bb,dd,iI,hh,eE,zZ
776,Chad,OO,cc,pp,Mm,rr,Nn,sS,vV,aa,Tt,lL,uu,bb,Dd,iI,Hh,EE,ZZ
777,Jerri,OO,cc,pP,MM,RR,Nn,ss,VV,AA,tt,ll,uU,bB,DD,ii,hh,Ee,Zz
778,Rudolph,oo,cC,Pp,mM,RR,NN,sS,Vv,aa,Tt,LL,uU,BB,DD,iI,hH,ee,ZZ
779,Joseph,OO,cc,PP,mM,rr,nN,sS,Vv,aa,Tt,LL,uu,BB,Dd,iI,HH,Ee,zZ
780,Jennifer,oo,cc,pP,MM,rR,NN,SS,VV,AA,tT,Ll,uU,Bb,dd,ii,HH,Ee,zZ
781,Ralph,Oo,cc,pP,MM,RR,NN,ss,vv,aA,TT,ll,uU,bb,DD,ii,HH,Ee,zZ
782,Carol,oO,cC,pP,mM,rR,Nn,ss,Vv,aA,tt,Ll,Uu,bB,dD,II,hh,eE,zz
783,Betty,oo,cC,Pp,mm,RR,NN,sS,vV,aa,TT,LL,uu,BB,DD,iI,hH,EE,zZ
784,Teresa,Oo,CC,Pp,MM,RR,nn,Ss,VV,aa,Tt,lL,UU,bB,DD,ii,Hh,Ee,zZ
785,Bill,oO,Cc,pp,Mm,RR,Nn,Ss,vv,Aa,TT,ll,Uu,bB,dd,iI,Hh,ee,Zz
786,Betty,OO,CC,Pp,mm,rR,NN,sS,vv,Aa,TT,lL,uU,bB,DD,ii,HH,EE,Zz
787,Jerome,OO,cC,PP,Mm,Rr,nN,ss,Vv,aA,TT,lL,Uu,bb,DD,ii,hH,eE,zZ
788,Mark,OO,CC,pp,mm,RR,NN,ss,vV,AA,tt,LL,Uu,bB,dd,ii,hH,Ee,Zz
789,Charles,oo,cC,pP,mM,RR,nn,SS,vv,Aa,tT,Ll,uU,BB,dd,II,Hh,ee,Zz
790,Judith,oO,cC,pp,Mm,Rr,NN,SS,Vv,aA,tT,ll,uU,bb,dd,II,Hh,EE,ZZ
791,Mary,OO,cc,Pp,mM,rR,NN,sS,vV,aA,TT,LL,uu,bB,Dd,iI,Hh,Ee,Zz
792,Huong,OO,Cc,pp,Mm,RR,nN,SS,VV,AA,TT,Ll,UU,Bb,DD,iI,Hh,ee,ZZ
793,Jack,oO,cc,Pp,mm,RR,Nn,Ss,VV,AA,tt,LL,Uu,bB,dD,II,Hh,ee,ZZ
794,April,Oo,cC,pp,MM,RR,NN,SS,vV,Aa,tt,lL,uu,bB,DD,iI,hh,eE,zZ
795,Dottie,oO,Cc,Pp,Mm,rR,nn,Ss,Vv,aA,TT,lL,Uu,bb,dD,iI,hH,ee,ZZ
796,Jenny,oO,cC,Pp,mm,RR,nN,sS,VV,AA,tt,Ll,uU,Bb,dd,Ii,Hh,ee,zZ
797,Gwendolyn,oO,CC,Pp,MM,rR,nN,Ss,vv,Aa,TT,ll,uU,bB,dd,ii,hH,eE,Zz
798,Dorthy,OO,cc,pP,mm,Rr,nn,Ss,VV,Aa,Tt,lL,UU,bB,Dd,Ii,HH,ee,zz
799,Steve,Oo,cc,pP,mm,Rr,Nn,sS,vv,aA,tt,ll,UU,bB,dd,II,hH,ee,zZ
800,Johanna,oO,cC,Pp,MM,rR,nN,sS,VV,aa,tT,Ll,UU,bb,Dd,iI,Hh,Ee,Zz
801,Daniel,Oo,cC,pP,MM,rR,NN,ss,VV,AA,Tt,lL,uU,BB,Dd,ii,Hh,ee,zZ
802,Alvin,Oo,Cc,pp,mm,rR,Nn,sS,vV,aA,tt,LL,Uu,bb,dD,Ii,Hh,ee,zz
803,Gertrude,OO,CC,PP,mM,Rr,NN,ss,vv,aA,TT,lL,uu,Bb,Dd,ii,hH,Ee,zZ
804,Dana,oo,Cc,pp,mm,rr,nN,SS,Vv,Aa,tT,LL,uU,bb,DD,ii,hh,eE,Zz
805,Ashley,oo,CC,Pp,mm,rR,nN,SS,vV,aa,tt,ll,UU,BB,dd,iI,hH,eE,zz
806,Joseph,oo,CC,pp,MM,rR,nN,sS,vv,aA,tt,LL,UU,bb,Dd,Ii,HH,Ee,Zz
807,Janet,oO,Cc,pP,mm,RR,nn,sS,vV,aa,tt,Ll,uU,Bb,dd,Ii,HH,ee,Zz
808,Courtney,Oo,cc,pp,mM,rR,nn,Ss,vV,aa,tT,ll,uu,BB,dD,Ii,Hh,Ee,zz
809,Steven,Oo,cc,pp,mM,rr,nn,Ss,Vv,AA,tt,Ll,uU,BB,dd,ii,hh,Ee,zz
810,Donald,oO,CC,pP,mM,RR,Nn,ss,vV,aA,Tt,ll,UU,bb,Dd,iI,HH,ee,zz
811,Michael,Oo,cC,PP,mm,rR,nn,Ss,vv,aA,TT,Ll,uu,bB,dD,II,Hh,ee,Zz
812,Sara,OO,cc,pp,mm,rR,nN,SS,VV,Aa,Tt,lL,uU,bB,Dd,ii,hh,EE,Zz
813,Elaine,oO,CC,PP,MM,RR,Nn,sS,Vv,Aa,tT,Ll,Uu,BB,DD,II,Hh,ee,zz
814,Katie,oo,Cc,pp,Mm,Rr,Nn,sS,Vv,aa,tT,lL,Uu,Bb,DD,ii,hh,eE,zZ
815,Carrie,OO,Cc,pp,Mm,rr,nn,ss,VV,AA,tT,Ll,uu,Bb,DD,ii,Hh,EE,zZ
816,Tracy,Oo,cC,Pp,mM,Rr,nn,Ss,Vv,AA,TT,LL,uu,bb,dD,II,Hh,eE,zZ
817,Laura,oo,cC,Pp,Mm,rr,nN,ss,VV,Aa,tT,lL,UU,BB,Dd,iI,hH,eE,zZ
818,John,Oo,CC,pP,mm,rR,NN,Ss,VV,aa,Tt,Ll,uU,bB,dD,ii,HH,EE,Zz
819,Francisca,OO,CC,Pp,mM,Rr,NN,SS,vV,AA,tt,Ll,Uu,bb,dd,ii,hH,ee,Zz
820,John,oo,cc,PP,mM,rr,nN,sS,VV,AA,TT,Ll,UU,bB,Dd,Ii,hH,EE,zz
821,Pamela,OO,CC,PP,MM,rR,nN,ss,VV,AA,tT,LL,uu,bB,dD,II,hH,EE,zz
822,Donald,oO,CC,pp,MM,RR,nN,ss,vV,Aa,tT,lL,uu,bB,dD,ii,hh,EE,zZ
823,Alexander,oo,cC,pP,Mm,RR,nN,sS,vv,Aa,TT,ll,uu,bB,dd,iI,hH,EE,zz
824,Joseph,Oo,CC,Pp,Mm,rR,nN,ss,Vv,aa,tT,LL,UU,BB,dD,Ii,Hh,ee,Zz
825,Debra,OO,Cc,pP,mm,Rr,nN,ss,Vv,aA,TT,LL,UU,BB,dD,II,hh,ee,zz
826,Ciara,OO,cC,pP,MM,rr,nn,sS,vV,Aa,Tt,Ll,uU,bB,DD,II,HH,Ee,zZ
827,Jon,oo,CC,PP,MM,RR,nn,sS,vv,aa,TT,ll,uu,BB,Dd,ii,HH,ee,Zz
828,Katherine,oO,cc,pp,mM,RR,Nn,Ss,vv,aA,tT,ll,uu,bb,dd,Ii,hH,ee,ZZ
829,Anthony,Oo,CC,PP,mM,rR,nN,SS,vv,aa,Tt,LL,uU,Bb,Dd,II,HH,ee,Zz
830,Lynette,oO,cc,pp,MM,Rr,Nn,ss,vV,AA,Tt,Ll,uU,bB,Dd,Ii,Hh,eE,zZ
831,Cynthia,oo,Cc,pP,mm,rR,nN,Ss,Vv,Aa,tT,Ll,uU,Bb,dd,iI,hH,eE,ZZ
832,Charles,oo,cc,PP,Mm,rr,NN,Ss,Vv,aA,TT,LL,uu,BB,Dd,II,Hh,EE,ZZ
833,Carrie,OO,CC,pP,mM,rr,nN,SS,vv,aa,TT,lL,UU,Bb,dD,iI,Hh,EE,Zz
834,Alphonso,Oo,CC,pp,Mm,rR,nN,SS,Vv,Aa,Tt,ll,Uu,BB,dD,iI,hH,Ee,zZ
835,Patricia,oo,CC,Pp,MM,rr,Nn,sS,VV,aA,Tt,LL,Uu,BB,Dd,ii,hH,ee,zz
836,Rita,Oo,cc,PP,Mm,rR,NN,ss,vv,aA,TT,ll,uU,Bb,dd,iI,HH,ee,Zz
837,Cleo,OO,Cc,PP,Mm,RR,nN,ss,vV,aA,TT,Ll,UU,Bb,DD,iI,HH,EE,Zz
838,Lillian,oo,cC,PP,Mm,rr,Nn,sS,vv,aa,tT,lL,uu,bB,dD,Ii,Hh,Ee,zZ
839,Kelly,oo,CC,pP,mm,RR,NN,sS,vV,AA,Tt,Ll,uU,bB,Dd,II,hh,ee,zz
840,Philip,Oo,cC,pP,MM,Rr,NN,ss,vv,Aa,tT,lL,uu,bB,dD,II,Hh,Ee,ZZ
841,Emilio,oo,cC,PP,MM,RR,nN,SS,VV,Aa,Tt,ll,uu,Bb,dd,Ii,hH,Ee,zz
842,Frank,Oo,Cc,pP,MM,RR,Nn,Ss,VV,aA,TT,ll,UU,bb,DD,ii,hh,ee,Zz
843,Katherine,oo,cc,pp,mM,RR,NN,Ss,vv,aA,tT,Ll,uu,BB,dd,Ii,hh,ee,Zz
844,Melvin,oo,cc,pp,mm,RR,nn,SS,VV,Aa,Tt,LL,Uu,BB,Dd,II,Hh,eE,zZ
845,Corrine,oo,Cc,Pp,Mm,Rr,nn,SS,vV,aA,Tt,lL,UU,BB,dD,II,hh,EE,ZZ
846,Dennis,OO,Cc,pP,MM,rR,NN,sS,Vv,aA,tT,ll,UU,bb,dD,Ii,HH,ee,ZZ
847,Gary,Oo,cc,pP,MM,Rr,nN,sS,vv,aA,Tt,LL,uu,bb,DD,Ii,hh,Ee,Zz
848,Carmela,Oo,cC,pp,Mm,rR,Nn,SS,Vv,aA,Tt,Ll,Uu,bB,DD,ii,hH,ee,zz
849,James,oo,Cc,pP,Mm,rR,Nn,sS,VV,Aa,Tt,LL,Uu,bB,DD,ii,hh,ee,zz
850,Norman,oo,CC,pP,Mm,rr,Nn,ss,vv,aA,tT,lL,UU,BB,Dd,Ii,Hh,Ee,zz
851,Tammie,OO,Cc,PP,MM,rr,NN,SS,VV,aa,tT,LL,uu,Bb,DD,iI,HH,EE,zZ
852,Darrell,OO,cc,Pp,MM,rr,Nn,sS,vV,aa,TT,ll,uU,bb,dD,iI,HH,eE,ZZ
853,Carl,oO,cC,pp,MM,rr,nn,sS,vv,aa,tT,Ll,UU,Bb,dd,Ii,Hh,Ee,Zz
854,Gerald,oO,cc,pp,MM,rr,Nn,Ss,VV,aA,TT,Ll,uu,bB,dd,II,hh,EE,Zz
855,Magnolia,OO,cC,pp,mM,Rr,Nn,SS,vv,aA,Tt,LL,uu,bb,dd,II,Hh,EE,zz
856,Austin,OO,Cc,pp,MM,rR,Nn,ss,VV,Aa,tT,ll,uU,Bb,DD,iI,hH,Ee,Zz
857,Sang,oo,CC,Pp,mm,RR,nN,SS,vV,Aa,tt,LL,Uu,Bb,dD,ii,Hh,EE,Zz
858,George,oO,CC,pP,MM,RR,Nn,Ss,vv,Aa,tt,Ll,uU,bb,dD,Ii,Hh,ee,zZ
859,Jennifer,oo,CC,PP,mm,rR,NN,sS,vv,aa,TT,LL,Uu,BB,dd,iI,hH,ee,ZZ
860,Ronald,OO,Cc,pp,mm,RR,NN,sS,vv,aA,TT,LL,uu,bb,dD,Ii,hH,Ee,Zz
861,Carrie,Oo,CC,pp,mM,Rr,nN,ss,VV,aa,tt,LL,UU,bb,dd,iI,hh,ee,Zz
862,Mary,oO,cC,pp,MM,RR,Nn,ss,vV,AA,TT,ll,UU,BB,DD,II,hH,Ee,zZ
863,Joshua,Oo,cC,Pp,mm,Rr,Nn,sS,vV,Aa,tt,ll,uu,bB,dd,Ii,hh,eE,ZZ
864,Alan,Oo,Cc,Pp,mM,RR,nN,ss,vV,Aa,Tt,ll,uU,Bb,DD,ii,hh,EE,zz
865,Jennifer,Oo,cc,pp,Mm,rR,nn,ss,VV,AA,Tt,ll,Uu,bb,dD,iI,hh,Ee,Zz
866,Danny,Oo,cc,pP,mm,RR,nN,Ss,VV,aa,tT,LL,uU,bB,Dd,iI,Hh,eE,zz
867,Brian,Oo,CC,Pp,MM,rr,Nn,Ss,VV,AA,tT,lL,Uu,bB,DD,ii,hH,EE,ZZ
868,Donald,oo,CC,PP,Mm,rr,nN,sS,vV,aa,tT,Ll,UU,bB,dd,Ii,Hh,EE,zz
869,William,Oo,cc,pp,Mm,rr,Nn,Ss,VV,Aa,tt,lL,uu,BB,Dd,Ii,Hh,Ee,Zz
870,Clifford,oo,cC,PP,MM,RR,NN,SS,vV,aa,tT,LL,uU,BB,dD,ii,hH,Ee,Zz
871,Ethel,OO,cc,pp,Mm,RR,nN,sS,vv,aA,TT,ll,Uu,bb,dD,iI,Hh,EE,Zz
872,Emma,oO,cC,pP,Mm,rR,NN,ss,vV,Aa,TT,LL,uu,bB,dd,iI,Hh,EE,ZZ
873,Quintin,Oo,cC,pp,mm,RR,nN,Ss,vV,AA,TT,lL,uU,bB,DD,Ii,hh,ee,zZ
874,Scott,Oo,cC,Pp,Mm,Rr,nn,sS,VV,aa,tt,lL,UU,Bb,dD,II,HH,EE,zz
875,Beatrice,oO,Cc,pp,MM,Rr,nN,ss,vv,aa,tT,lL,uu,BB,dD,Ii,Hh,EE,zz
876,Mary,Oo,Cc,pp,MM,Rr,NN,sS,vv,aA,TT,Ll,UU,bb,DD,iI,hH,Ee,zz
877,Robert,oO,cC,pp,Mm,RR,nn,Ss,vv,AA,TT,ll,uu,bB,DD,ii,hH,EE,zZ
878,Dan,oo,CC,pP,Mm,RR,nN,sS,Vv,AA,tt,LL,uu,BB,dD,ii,hH,Ee,ZZ
879,William,oO,cc,pP,mm,Rr,NN,sS,Vv,aa,tt,ll,Uu,bB,Dd,iI,hh,eE,zZ
880,Joyce,OO,Cc,Pp,MM,Rr,NN,SS,vv,AA,TT,LL,uU,bB,DD,iI,HH,eE,ZZ
881,Sheila,OO,cc,pP,MM,RR,NN,sS,vV,aa,tT,Ll,Uu,bB,dD,Ii,hH,eE,zZ
882,Ellen,oo,CC,pp,mm,rR,Nn,ss,vV,Aa,tt,ll,Uu,bb,dd,ii,HH,ee,Zz
883,Cindy,oo,cC,Pp,Mm,rR,nN,sS,vv,AA,tt,lL,UU,bb,DD,ii,Hh,ee,zz
884,Joel,oo,CC,pp,MM,rr,NN,SS,Vv,aA,tt,lL,UU,Bb,dD,Ii,hh,EE,Zz
885,Mary,oo,cc,PP,Mm,Rr,nn,Ss,Vv,aA,tT,lL,uu,bb,dD,II,HH,eE,Zz
886,Todd,OO,CC,pp,mM,Rr,nN,Ss,Vv,aa,TT,LL,uU,bb,DD,iI,hh,ee,Zz
887,Barbara,oo,CC,Pp,Mm,rr,NN,ss,vV,AA,Tt,Ll,Uu,bb,dD,ii,hh,Ee,zz
888,John,OO,CC,Pp,mM,rR,Nn,ss,vV,AA,tt,lL,Uu,bB,DD,ii,hH,Ee,ZZ
889,Lesley,OO,cC,PP,mM,rr,nn,Ss,Vv,AA,Tt,LL,uU,BB,dd,ii,hH,ee,zZ
890,Catherine,OO,Cc,PP,MM,Rr,nn,ss,VV,AA,tT,LL,UU,bB,dd,II,Hh,ee,zZ
891,Reynaldo,oO,CC,PP,mM,RR,Nn,SS,VV,aA,tt,lL,UU,bb,dd,iI,HH,ee,ZZ
892,Dennis,oo,cC,Pp,mm,RR,nN,SS,vV,AA,tT,ll,UU,bb,Dd,iI,hh,EE,zz
893,Rebecca,OO,cC,pp,mm,rR,Nn,ss,vV,AA,Tt,Ll,UU,bB,DD,ii,Hh,Ee,zZ
894,Daniel,Oo,cc,pp,Mm,rR,Nn,SS,Vv,aa,tT,ll,Uu,BB,DD,II,hh,Ee,zz
895,William,oo,cc,Pp,Mm,Rr,nN,SS,Vv,aA,Tt,lL,UU,bb,dd,iI,hH,ee,zZ
896,Brian,OO,cc,Pp,Mm,Rr,NN,ss,VV,Aa,Tt,LL,UU,bb,dD,Ii,Hh,Ee,ZZ
897,Ramon,oo,Cc,PP,Mm,rr,nn,Ss,VV,AA,tt,Ll,uu,Bb,dd,II,HH,eE,ZZ
898,Tameka,oO,cc,Pp,Mm,RR,Nn,SS,Vv,aa,tt,lL,UU,bb,DD,Ii,HH,EE,Zz
899,Micheal,oO,CC,pp,mm,RR,nN,sS,Vv,aA,TT,lL,Uu,BB,DD,iI,hh,ee,Zz
900,Courtney,oo,cC,pp,MM,rR,Nn,SS,vv,aa,tT,Ll,uU,bB,dD,II,hH,eE,zZ
901,Essie,oO,cc,pP,mm,rr,nN,sS,vv,Aa,tT,lL,uu,BB,Dd,iI,Hh,ee,ZZ
902,Beryl,oO,cc,pP,mm,Rr,nn,Ss,VV,Aa,tt,LL,uu,Bb,dd,II,hH,eE,zZ
903,Marlene,Oo,cc,pp,Mm,RR,NN,Ss,vV,Aa,Tt,lL,uU,bB,dd,II,HH,EE,zz
904,Josh,OO,cc,PP,MM,RR,nN,Ss,vv,Aa,Tt,LL,Uu,bB,dd,iI,HH,eE,ZZ
905,Kimberly,Oo,Cc,PP,mm,rr,Nn,Ss,VV,aA,tt,Ll,Uu,BB,dD,II,hH,eE,ZZ
906,Gail,oo,cc,pP,mM,rR,NN,SS,Vv,aA,tt,Ll,UU,Bb,DD,Ii,hH,EE,zz
907,Alexia,oo,CC,pp,mm,RR,nN,SS,vV,aA,TT,LL,Uu,bB,dd,iI,Hh,ee,Zz
908,Ronald,oo,cc,pp,mm,Rr,Nn,Ss,vV,AA,Tt,Ll,Uu,bB,dD,Ii,Hh,EE,zz
909,Victor,OO,cc,pP,MM,rR,Nn,sS,Vv,aa,Tt,lL,Uu,bb,dD,ii,hh,eE,zz
910,Betty,oO,CC,PP,MM,rr,nn,SS,vv,AA,tT,lL,uU,Bb,dd,Ii,hH,EE,zZ
911,Rebecca,oo,Cc,pp,MM,rr,NN,ss,Vv,aa,tt,lL,UU,bB,Dd,Ii,hh,ee,zZ
912,Roseann,oO,Cc,PP,mm,Rr,NN,Ss,vv,AA,tT,ll,UU,bB,Dd,iI,Hh,EE,zZ
913,Paul,OO,CC,Pp,mm,rr,Nn,SS,vV,aA,Tt,lL,UU,BB,Dd,II,Hh,eE,Zz
914,April,oo,Cc,Pp,Mm,Rr,NN,ss,VV,Aa,tt,ll,uu,bB,DD,II,hH,EE,zz
915,Steven,oo,cc,PP,mM,rR,Nn,sS,VV,aa,tt,LL,UU,BB,Dd,ii,hh,ee,zZ
916,Loretta,Oo,cC,Pp,mm,rr,Nn,ss,vV,aA,Tt,LL,uU,BB,Dd,II,hh,ee,zz
917,Ricky,Oo,Cc,pP,MM,rr,Nn,ss,vv,AA,tt,LL,uU,Bb,dd,II,Hh,eE,zZ
918,Luke,OO,Cc,PP,MM,Rr,NN,Ss,vV,AA,tT,ll,uU,bB,Dd,ii,hh,eE,zz
919,Stephen,Oo,cc,Pp,mM,Rr,nn,SS,vv,Aa,tt,lL,UU,bB,DD,II,HH,Ee,zz
920,Dianna,Oo,Cc,pP,Mm,rr,NN,ss,Vv,AA,Tt,Ll,uU,bB,dd,II,HH,Ee,zz
921,Anna,oO,CC,PP,mm,RR,nn,ss,VV,aA,tt,ll,Uu,BB,Dd,II,hh,ee,zz
922,Danielle,Oo,cc,PP,Mm,rr,nN,sS,vV,aA,TT,Ll,uu,bB,DD,ii,hH,EE,zZ
923,William,Oo,Cc,pp,MM,RR,nn,ss,vV,Aa,tT,LL,UU,bB,Dd,Ii,Hh,EE,zZ
924,Johnny,Oo,CC,Pp,MM,rr,nn,ss,Vv,AA,Tt,Ll,UU,Bb,dD,iI,hH,Ee,zZ
925,Debbie,Oo,CC,Pp,mM,Rr,nN,SS,vv,AA,tt,Ll,UU,BB,dD,II,Hh,Ee,zZ
926,Pauline,oO,cc,pp,mm,Rr,nn,SS,vV,aA,tT,lL,uU,bB,dD,iI,Hh,Ee,ZZ
927,Javier,Oo,Cc,Pp,MM,rR,NN,ss,VV,aA,Tt,lL,uu,Bb,dd,II,hh,ee,zz
928,Rhonda,oo,Cc,pp,mm,rr,NN,Ss,vV,aA,Tt,Ll,uU,Bb,Dd,iI,HH,eE,ZZ
929,James,oo,cc,PP,MM,RR,nn,ss,vv,Aa,Tt,lL,Uu,bB,dD,iI,Hh,Ee,zZ
930,Rebekah,oo,cc,pp,MM,rR,Nn,ss,VV,aa,Tt,LL,UU,Bb,Dd,II,hh,EE,ZZ
931,Chase,oo,Cc,PP,MM,rR,NN,Ss,vv,aa,tt,lL,UU,bB,DD,iI,Hh,eE,Zz
932,Robert,OO,CC,pP,MM,Rr,nN,Ss,Vv,aA,TT,Ll,uU,BB,dD,ii,HH,EE,zz
933,William,OO,cc,Pp,mm,RR,NN,ss,VV,aa,tt,Ll,Uu,Bb,Dd,ii,hH,Ee,Zz
934,Larry,OO,cC,pP,mm,rr,nN,sS,VV,aa,tt,lL,uU,BB,DD,ii,HH,eE,zz
935,Delores,oO,Cc,pP,mM,rR,nn,Ss,Vv,aa,Tt,LL,Uu,bb,Dd,II,Hh,ee,ZZ
936,Daniel,OO,Cc,pp,MM,Rr,NN,ss,Vv,aA,Tt,lL,uu,BB,Dd,II,hh,EE,Zz
937,Misty,OO,cC,Pp,MM,RR,Nn,SS,VV,aA,tt,Ll,uu,BB,DD,Ii,hh,eE,Zz
938,Joseph,oO,cC,Pp,Mm,Rr,nN,SS,VV,aa,Tt,Ll,UU,bB,Dd,ii,Hh,eE,zZ
939,Paul,oo,Cc,pp,MM,rR,NN,Ss,vV,Aa,Tt,lL,uU,bb,dd,ii,Hh,eE,ZZ
940,Ana,oO,Cc,PP,mM,rR,nN,sS,vv,aa,Tt,LL,UU,bB,dD,ii,hH,Ee,zz
941,Barbra,oo,Cc,PP,mM,Rr,NN,Ss,vV,aa,Tt,LL,uU,BB,dd,II,HH,ee,Zz
942,Bessie,oO,cc,pP,mm,RR,Nn,SS,Vv,aA,TT,LL,uu,BB,DD,Ii,HH,ee,ZZ
943,Mary,oO,cC,pP,Mm,RR,nN,SS,Vv,Aa,Tt,lL,UU,BB,dd,Ii,Hh,Ee,Zz
944,Lindsay,oO,cC,pP,Mm,Rr,Nn,ss,VV,Aa,tt,ll,uu,Bb,Dd,Ii,HH,eE,ZZ
945,John,oo,cC,pP,mm,Rr,nn,SS,Vv,aA,tT,LL,Uu,BB,dd,II,hh,eE,zz
946,Vanessa,Oo,Cc,pP,mM,Rr,Nn,Ss,vv,Aa,tT,ll,uU,bB,Dd,iI,hH,eE,ZZ
947,Desmond,oO,CC,pP,Mm,rr,NN,ss,vv,Aa,tt,Ll,uu,bB,dD,ii,hH,EE,ZZ
948,Natalie,Oo,CC,PP,mm,Rr,nn,ss,Vv,AA,tt,Ll,uu,BB,DD,ii,Hh,EE,ZZ
949,Pam,Oo,cc,pP,mm,rR,nn,ss,vV,aA,TT,Ll,Uu,BB,dD,II,hH,EE,Zz
950,Valerie,OO,CC,pP,mM,rR,NN,sS,vv,aA,tt,ll,uU,Bb,DD,iI,hH,ee,zZ
951,Morris,oo,cc,pp,Mm,rr,NN,ss,vv,Aa,Tt,LL,uu,bB,dD,ii,hH,Ee,ZZ
952,Bernadine,Oo,cC,Pp,mM,rr,nN,ss,vv,aa,Tt,LL,Uu,bb,Dd,iI,Hh,Ee,Zz
953,Hubert,OO,cc,pp,MM,Rr,Nn,ss,Vv,aa,tt,ll,uU,BB,dD,II,hH,ee,zZ
954,Cynthia,oO,cc,pP,MM,Rr,NN,Ss,vV,aa,Tt,Ll,uu,Bb,DD,ii,hH,EE,zz
955,Sean,OO,cc,PP,mm,rR,nN,ss,vv,Aa,tt,LL,uu,BB,Dd,ii,Hh,EE,zz
956,Patti,oO,cC,Pp,MM,RR,nn,sS,Vv,aa,tt,LL,UU,bb,dd,ii,Hh,ee,zZ
957,Joseph,Oo,CC,pP,Mm,Rr,NN,ss,vv,Aa,TT,Ll,Uu,bB,dD,II,HH,eE,Zz
958,James,OO,Cc,PP,mm,rR,nn,SS,VV,aa,tt,lL,Uu,bb,dD,ii,hH,Ee,zZ
959,Derek,oo,cc,pp,MM,Rr,nN,ss,Vv,aa,tT,LL,uU,Bb,dd,iI,hh,ee,ZZ
960,Brandy,OO,CC,pp,mm,rR,nN,sS,vV,aA,TT,Ll,Uu,bb,DD,II,Hh,EE,zz
961,Sam,OO,cc,Pp,Mm,rR,NN,SS,vV,aa,tt,ll,Uu,bb,dd,Ii,HH,Ee,Zz
962,Christine,oo,cc,PP,mM,rR,Nn,Ss,vv,aA,Tt,ll,uU,bB,Dd,ii,hh,Ee,zZ
963,Guy,Oo,cC,PP,mM,rR,NN,ss,Vv,AA,TT,LL,Uu,Bb,Dd,ii,hh,ee,ZZ
964,Virginia,Oo,cC,pp,Mm,RR,NN,ss,vv,Aa,Tt,Ll,uU,bB,dD,Ii,hH,EE,zz
965,Donald,oO,Cc,pp,Mm,Rr,NN,Ss,vv,Aa,TT,lL,uu,BB,dd,II,HH,EE,ZZ
966,Kathy,oo,cC,PP,mM,Rr,NN,Ss,vV,aA,tT,lL,uu,Bb,dD,iI,hh,Ee,zz
967,Mattie,oO,cc,PP,Mm,Rr,nN,ss,VV,aa,tT,lL,uU,bB,dD,Ii,Hh,EE,ZZ
968,Jennie,oo,cc,pP,mM,Rr,Nn,Ss,vV,AA,tt,ll,Uu,BB,DD,iI,hH,EE,zz
969,Willie,Oo,cc,pp,mm,rR,Nn,ss,vV,aa,tt,lL,uU,bB,dD,Ii,hH,EE,Zz
970,Norma,oO,cC,PP,MM,rr,Nn,ss,VV,aA,tt,ll,uu,Bb,dD,Ii,hH,ee,zz
971,James,oo,cC,Pp,Mm,RR,nN,ss,vv,Aa,tT,lL,uu,bb,dd,iI,hh,Ee,ZZ
972,John,oo,Cc,pP,mM,Rr,NN,Ss,VV,Aa,tt,Ll,Uu,Bb,dD,II,Hh,EE,zZ
973,Joshua,oo,CC,pp,MM,Rr,nN,sS,vV,aa,Tt,LL,uU,Bb,dD,II,HH,ee,Zz
974,Mona,oO,CC,pp,Mm,rr,Nn,ss,vV,Aa,Tt,Ll,uu,BB,DD,ii,hH,Ee,ZZ
975,Thomas,OO,CC,pP,MM,RR,nN,ss,Vv,AA,Tt,LL,uU,Bb,DD,iI,hH,ee,zz
976,Joseph,oo,CC,Pp,Mm,rR,nN,Ss,vV,AA,tt,lL,uu,BB,dd,ii,hh,EE,zz
977,Vickie,Oo,Cc,Pp,Mm,rR,nN,Ss,Vv,aA,TT,ll,UU,bB,Dd,Ii,HH,eE,ZZ
978,Travis,oo,cc,pP,mM,rr,Nn,sS,Vv,aa,tT,ll,UU,Bb,DD,Ii,HH,ee,zz
979,Leon,OO,cc,PP,Mm,Rr,nN,sS,VV,Aa,TT,Ll,uu,Bb,dd,II,HH,ee,zZ
980,Roland,Oo,cC,Pp,MM,RR,nn,Ss,Vv,aa,tT,Ll,uu,Bb,DD,Ii,HH,Ee,zZ
981,Melvin,oo,cC,PP,mm,RR,NN,Ss,Vv,AA,tt,ll,uu,Bb,DD,Ii,HH,EE,zz
982,Daniel,oO,Cc,pP,mM,rr,nN,SS,VV,aa,TT,LL,uu,bB,Dd,II,Hh,eE,Zz
983,David,OO,cC,Pp,Mm,Rr,nn,Ss,vv,aa,TT,lL,uu,Bb,Dd,II,hh,Ee,zZ
984,Charity,oo,cC,pp,MM,Rr,nN,Ss,VV,aA,tt,ll,uu,BB,dD,ii,hH,Ee,zz
985,Carie,oo,Cc,pp,MM,RR,NN,SS,vv,Aa,tT,Ll,UU,BB,dD,II,hH,eE,ZZ
986,Julie,oO,cC,pP,Mm,RR,nn,sS,vv,Aa,Tt,LL,UU,bb,Dd,Ii,HH,EE,zZ
987,Ward,OO,Cc,Pp,mM,Rr,Nn,SS,VV,aA,tt,ll,uU,bB,Dd,Ii,HH,eE,Zz
988,Maria,Oo,cc,pp,Mm,rR,nn,Ss,VV,Aa,tt,Ll,UU,bb,dd,II,hh,eE,zz
989,Christina,Oo,cc,pP,MM,RR,nn,sS,vV,AA,Tt,ll,Uu,BB,Dd,Ii,Hh,ee,zz
990,Richard,oO,cc,Pp,mm,rR,nn,Ss,VV,Aa,tT,Ll,Uu,bb,dD,iI,HH,EE,Zz
991,Mary,oo,cc,pP,mM,RR,nn,Ss,VV,aa,tT,LL,uU,BB,dD,ii,Hh,EE,zz
992,Wendy,OO,Cc,Pp,mM,Rr,Nn,SS,vV,aA,TT,ll,Uu,Bb,DD,iI,hh,ee,Zz
993,Sandy,oO,CC,Pp,MM,rr,Nn,Ss,Vv,aa,tt,LL,UU,Bb,DD,iI,Hh,EE,Zz
994,Jenna,oo,cC,PP,MM,RR,nN,Ss,vV,Aa,TT,ll,uu,BB,Dd,Ii,Hh,ee,zZ
995,Trisha,oo,Cc,PP,mM,Rr,NN,ss,VV,aA,TT,lL,uu,BB,Dd,II,hH,ee,zZ
996,Amanda,OO,cc,PP,mM,rr,NN,ss,VV,Aa,tt,lL,Uu,bB,dD,ii,hH,eE,ZZ
997,Patrick,oO,CC,Pp,mM,rR,Nn,ss,VV,aA,tT,lL,uu,bB,dd,Ii,hh,Ee,Zz
998,Gladys,oo,cC,pP,Mm,RR,NN,ss,vv,aA,tt,LL,uu,Bb,dD,iI,HH,Ee,zz
999,Preston,oo,Cc,pP,mm,Rr,Nn,SS,VV,Aa,TT,LL,uu,BB,DD,ii,Hh,eE,ZZ
1000,Clarita,Oo,cC,PP,MM,Rr,nN,ss,VV,aa,tt,Ll,uU,Bb,DD,ii,Hh,eE,zz
